Warning: The allowCypressEnv configuration option is enabled. This allows any browser code to read values from Cypress.env(). This is insecure and will be removed in a future major version.

1. Replace Cypress.env() calls with cy.env() (for sensitive values) or Cypress.expose() (for public configuration)
2. Set allowCypressEnv: false in your Cypress configuration to disable Cypress.env()

Learn more: https://on.cypress.io/cypress-env-migration


================================================================================

  (Run Starting)

  ┌────────────────────────────────────────────────────────────────────────────────────────────────┐
  │ Cypress:        15.18.0                                                                        │
  │ Browser:        Electron 138 (headless)                                                        │
  │ Node Version:   v24.16.0 (/home/diede/.nvm/versions/node/v24.16.0/bin/node)                    │
  │ Specs:          117 found (email-log.cy.js, readonly-forms.cy.js, navigation/breadcrumb.cy.js, │
  │                  navigation/close-url.cy.js, navigation/menu-icons.cy.js, navigation/menu-page │
  │                 s-load.cy.js, navigation/menu.cy.js, navigation/routes-layout.cy.js, navigatio │
  │                 n/routing-variants.cy.js...)                                                   │
  │ Searched:       cypress/e2e/**/*.cy.js                                                         │
  │ Experiments:    experimentalRunAllSpecs=true                                                   │
  └────────────────────────────────────────────────────────────────────────────────────────────────┘


────────────────────────────────────────────────────────────────────────────────────────────────────
                                                                                                    
  Running:  email-log.cy.js                                                               (1 of 117)


  E-mail Log Management
    Page Access
      ✓ should load the email log form page (3501ms)
      (Attempt 1 of 3) should show the toolbar with search
      (Attempt 2 of 3) should show the toolbar with search
      1) should show the toolbar with search
    Table Columns
      ✓ should display expected column headers (405ms)
    Menu Entry
      ✓ should appear in the Systeem menu for admins (465ms)
    Resend API
      ✓ should return error for invalid ID (183ms)
      (Attempt 1 of 3) should reject non-admin access
      (Attempt 2 of 3) should reject non-admin access
      2) should reject non-admin access
    Context Menu
      ✓ should have resend extra button defined (291ms)


  5 passing (39s)
  2 failing

  1) E-mail Log Management
       Page Access
         should show the toolbar with search:
     AssertionError: Timed out retrying after 10000ms: Expected to find element: `cma-toolbar`, but never found it.
      at Context.eval (webpack://cma-cypress-tests/./cypress/e2e/email-log.cy.js:24:54)

  2) E-mail Log Management
       Resend API
         should reject non-admin access:

      AssertionError: expected 401 to be one of [ 302, 403 ]
      + expected - actual

      -401
      +[ 302, 403 ]
      
      at Context.eval (webpack://cma-cypress-tests/./cypress/e2e/email-log.cy.js:78:46)
      at getRet (http://172.30.208.1:8090/__cypress/runner/cypress_runner.js:120444:20)
      at tryCatcher (http://172.30.208.1:8090/__cypress/runner/cypress_runner.js:1777:23)
      at Promise.attempt.Promise.try (http://172.30.208.1:8090/__cypress/runner/cypress_runner.js:4285:29)
      at Context.thenFn (http://172.30.208.1:8090/__cypress/runner/cypress_runner.js:120455:66)
      at Context.then (http://172.30.208.1:8090/__cypress/runner/cypress_runner.js:120706:21)




  (Results)

  ┌────────────────────────────────────────────────────────────────────────────────────────────────┐
  │ Tests:        7                                                                                │
  │ Passing:      5                                                                                │
  │ Failing:      2                                                                                │
  │ Pending:      0                                                                                │
  │ Skipped:      0                                                                                │
  │ Screenshots:  6                                                                                │
  │ Video:        false                                                                            │
  │ Duration:     39 seconds                                                                       │
  │ Spec Ran:     email-log.cy.js                                                                  │
  └────────────────────────────────────────────────────────────────────────────────────────────────┘


  (Screenshots)

  -  /mnt/c/repos/cma_platform/cma/cypress/screenshots/email-log.cy.js/E-mail Log Man     (1280x720)
     agement -- Page Access -- should show the toolbar with search (failed).png                     
  -  /mnt/c/repos/cma_platform/cma/cypress/screenshots/email-log.cy.js/E-mail Log Man     (1280x720)
     agement -- Page Access -- should show the toolbar with search (failed) (attempt                
     2).png                                                                                         
  -  /mnt/c/repos/cma_platform/cma/cypress/screenshots/email-log.cy.js/E-mail Log Man     (1280x720)
     agement -- Page Access -- should show the toolbar with search (failed) (attempt                
     3).png                                                                                         
  -  /mnt/c/repos/cma_platform/cma/cypress/screenshots/email-log.cy.js/E-mail Log Man     (1280x720)
     agement -- Resend API -- should reject non-admin access (failed).png                           
  -  /mnt/c/repos/cma_platform/cma/cypress/screenshots/email-log.cy.js/E-mail Log Man     (1280x720)
     agement -- Resend API -- should reject non-admin access (failed) (attempt 2).png               
  -  /mnt/c/repos/cma_platform/cma/cypress/screenshots/email-log.cy.js/E-mail Log Man     (1280x720)
     agement -- Resend API -- should reject non-admin access (failed) (attempt 3).png               


────────────────────────────────────────────────────────────────────────────────────────────────────
                                                                                                    
  Running:  readonly-forms.cy.js                                                          (2 of 117)


  Readonly Forms
    CMA Monitoring Form - Config Check
      ✓ should have allowEdit=false in form definition (2165ms)
    CMA Monitoring Form - UI Tests
      ✓ should hide the save button for readonly form (1753ms)
      ✓ should hide the cancel button for readonly form (2462ms)
      ✓ should not show add button in toolbar for non-addable form (326ms)
    Opleidingcode Wijzigen Form - No Add/Delete
      (Attempt 1 of 3) should have allowAdd=false and allowDelete=false in form definition
      (Attempt 2 of 3) should have allowAdd=false and allowDelete=false in form definition
      1) should have allowAdd=false and allowDelete=false in form definition
      ✓ should not show add button in toolbar (1524ms)
      ✓ should not show delete option in row menu (173ms)
    Readonly Form Direct Access
      ✓ should load record in readonly mode via direct URL (1323ms)


  7 passing (42s)
  1 failing

  1) Readonly Forms
       Opleidingcode Wijzigen Form - No Add/Delete
         should have allowAdd=false and allowDelete=false in form definition:
     AssertionError: Timed out retrying after 10000ms: `cy.readFile("../assets/forms/opleidingcode_wijzigen.json")` failed because the file does not exist at the following path:

`/mnt/c/repos/cma_platform/assets/forms/opleidingcode_wijzigen.json`

https://on.cypress.io/readfile
      at Context.eval (webpack://cma-cypress-tests/./cypress/e2e/readonly-forms.cy.js:106:15)




  (Results)

  ┌────────────────────────────────────────────────────────────────────────────────────────────────┐
  │ Tests:        8                                                                                │
  │ Passing:      7                                                                                │
  │ Failing:      1                                                                                │
  │ Pending:      0                                                                                │
  │ Skipped:      0                                                                                │
  │ Screenshots:  3                                                                                │
  │ Video:        false                                                                            │
  │ Duration:     41 seconds                                                                       │
  │ Spec Ran:     readonly-forms.cy.js                                                             │
  └────────────────────────────────────────────────────────────────────────────────────────────────┘


  (Screenshots)

  -  /mnt/c/repos/cma_platform/cma/cypress/screenshots/readonly-forms.cy.js/Readonly      (1280x720)
     Forms -- Opleidingcode Wijzigen Form - No AddDelete -- should have allowAdd=fals               
     e and allowDelete=false in form definition (failed).png                                        
  -  /mnt/c/repos/cma_platform/cma/cypress/screenshots/readonly-forms.cy.js/Readonly      (1280x720)
     Forms -- Opleidingcode Wijzigen Form - No AddDelete -- should have allowAdd=fals               
     e and allowDelete=false in form definition (failed) (attempt 2).png                            
  -  /mnt/c/repos/cma_platform/cma/cypress/screenshots/readonly-forms.cy.js/Readonly      (1280x720)
     Forms -- Opleidingcode Wijzigen Form - No AddDelete -- should have allowAdd=fals               
     e and allowDelete=false in form definition (failed) (attempt 3).png                            


────────────────────────────────────────────────────────────────────────────────────────────────────
                                                                                                    
  Running:  navigation/breadcrumb.cy.js                                                   (3 of 117)


  Breadcrumb Navigation
    Breadcrumb Display
      ✓ should display breadcrumb (2607ms)
      ✓ should show current location (434ms)
      ✓ should have home/root link (413ms)
    Breadcrumb Trail
      ✓ should show parent levels (3026ms)
      ✓ should update on navigation (3039ms)
    Breadcrumb Navigation
      ✓ should navigate to parent on breadcrumb click (3019ms)
      ✓ should navigate to home on first breadcrumb click (1437ms)
    Breadcrumb Styling
      ✓ should have separator between items (391ms)
      ✓ should style last item differently (431ms)
    Deep Navigation
      ✓ should handle multiple levels (3008ms)
    Breadcrumb Accessibility
      ✓ should have navigation role (412ms)
      ✓ should have aria-label (385ms)


  12 passing (20s)


  (Results)

  ┌────────────────────────────────────────────────────────────────────────────────────────────────┐
  │ Tests:        12                                                                               │
  │ Passing:      12                                                                               │
  │ Failing:      0                                                                                │
  │ Pending:      0                                                                                │
  │ Skipped:      0                                                                                │
  │ Screenshots:  0                                                                                │
  │ Video:        false                                                                            │
  │ Duration:     19 seconds                                                                       │
  │ Spec Ran:     navigation/breadcrumb.cy.js                                                      │
  └────────────────────────────────────────────────────────────────────────────────────────────────┘


────────────────────────────────────────────────────────────────────────────────────────────────────
                                                                                                    
  Running:  navigation/close-url.cy.js                                                    (4 of 117)


  Close button → URL (regression)
    (Attempt 1 of 3) closing a record sidepanel restores the list URL
    (Attempt 2 of 3) closing a record sidepanel restores the list URL
    1) closing a record sidepanel restores the list URL
    (Attempt 1 of 3) closing via the backdrop also restores the list URL
    (Attempt 2 of 3) closing via the backdrop also restores the list URL
    2) closing via the backdrop also restores the list URL
    ✓ closing a subform sidepanel restores the parent record URL (141ms)
    ✓ closing a deep-linked record returns to the list URL (no in-app history) (138ms)
    (Attempt 1 of 3) reopening after close produces a clean URL (no stale record id)
    (Attempt 2 of 3) reopening after close produces a clean URL (no stale record id)
    3) reopening after close produces a clean URL (no stale record id)


  2 passing (2m)
  3 failing

  1) Close button → URL (regression)
       closing a record sidepanel restores the list URL:
     AssertionError: Timed out retrying after 10000ms: expected 'http://172.30.208.1:8090/cma/form.php?form=users' to match /\/cma\/form\/users\/\w+/
      at Context.eval (webpack://cma-cypress-tests/./cypress/e2e/navigation/close-url.cy.js:35:17)

  2) Close button → URL (regression)
       closing via the backdrop also restores the list URL:
     AssertionError: Timed out retrying after 10000ms: expected 'http://172.30.208.1:8090/cma/form.php?form=groups' to match /\/cma\/form\/groups\/\w+/
      at Context.eval (webpack://cma-cypress-tests/./cypress/e2e/navigation/close-url.cy.js:47:17)

  3) Close button → URL (regression)
       reopening after close produces a clean URL (no stale record id):
     AssertionError: Timed out retrying after 10000ms: expected 'http://172.30.208.1:8090/cma/form.php?form=groups' to match /\/cma\/form\/groups\/\w+/
      at Context.eval (webpack://cma-cypress-tests/./cypress/e2e/navigation/close-url.cy.js:126:17)




  (Results)

  ┌────────────────────────────────────────────────────────────────────────────────────────────────┐
  │ Tests:        5                                                                                │
  │ Passing:      2                                                                                │
  │ Failing:      3                                                                                │
  │ Pending:      0                                                                                │
  │ Skipped:      0                                                                                │
  │ Screenshots:  9                                                                                │
  │ Video:        false                                                                            │
  │ Duration:     1 minute, 41 seconds                                                             │
  │ Spec Ran:     navigation/close-url.cy.js                                                       │
  └────────────────────────────────────────────────────────────────────────────────────────────────┘


  (Screenshots)

  -  /mnt/c/repos/cma_platform/cma/cypress/screenshots/navigation/close-url.cy.js/Clo     (1280x720)
     se button → URL (regression) -- closing a record sidepanel restores the list URL               
      (failed).png                                                                                  
  -  /mnt/c/repos/cma_platform/cma/cypress/screenshots/navigation/close-url.cy.js/Clo     (1280x720)
     se button → URL (regression) -- closing a record sidepanel restores the list URL               
      (failed) (attempt 2).png                                                                      
  -  /mnt/c/repos/cma_platform/cma/cypress/screenshots/navigation/close-url.cy.js/Clo     (1280x720)
     se button → URL (regression) -- closing a record sidepanel restores the list URL               
      (failed) (attempt 3).png                                                                      
  -  /mnt/c/repos/cma_platform/cma/cypress/screenshots/navigation/close-url.cy.js/Clo     (1280x720)
     se button → URL (regression) -- closing via the backdrop also restores the list                
     URL (failed).png                                                                               
  -  /mnt/c/repos/cma_platform/cma/cypress/screenshots/navigation/close-url.cy.js/Clo     (1280x720)
     se button → URL (regression) -- closing via the backdrop also restores the list                
     URL (failed) (attempt 2).png                                                                   
  -  /mnt/c/repos/cma_platform/cma/cypress/screenshots/navigation/close-url.cy.js/Clo     (1280x720)
     se button → URL (regression) -- closing via the backdrop also restores the list                
     URL (failed) (attempt 3).png                                                                   
  -  /mnt/c/repos/cma_platform/cma/cypress/screenshots/navigation/close-url.cy.js/Clo     (1280x720)
     se button → URL (regression) -- reopening after close produces a clean URL (no s               
     tale record id) (failed).png                                                                   
  -  /mnt/c/repos/cma_platform/cma/cypress/screenshots/navigation/close-url.cy.js/Clo     (1280x720)
     se button → URL (regression) -- reopening after close produces a clean URL (no s               
     tale record id) (failed) (attempt 2).png                                                       
  -  /mnt/c/repos/cma_platform/cma/cypress/screenshots/navigation/close-url.cy.js/Clo     (1280x720)
     se button → URL (regression) -- reopening after close produces a clean URL (no s               
     tale record id) (failed) (attempt 3).png                                                       


────────────────────────────────────────────────────────────────────────────────────────────────────
                                                                                                    
  Running:  navigation/menu-icons.cy.js                                                   (5 of 117)


  Menu Icons
    Icon Display
      ✓ should display icons for all menu groups (3519ms)
      ✓ should have visible icon content (not empty) (320ms)
      ✓ should use correct icon for Dashboard (397ms)
      ✓ should use correct icon for Opleidingen (393ms)
      ✓ should use correct icon for Personen (346ms)
      ✓ should use correct icon for Documenten (278ms)
      ✓ should use correct icon for Systeem (352ms)
    Icon Rendering
      ✓ should render Linearicons font (301ms)
      ✓ should have correct icon dimensions (307ms)
      ✓ should not show broken icon indicators (315ms)
    Fixed Icon Codes
      (Attempt 1 of 3) should show correct menu icon (hamburger, not chevron)
      (Attempt 2 of 3) should show correct menu icon (hamburger, not chevron)
      1) should show correct menu icon (hamburger, not chevron)
      ✓ should show correct chart-bars icon (287ms)
      ✓ should show correct rocket icon (256ms)
    Toolbar Icons
      ✓ should display save icon correctly (545ms)
      ✓ should display cancel icon correctly (cross) (481ms)
      ✓ should display checkmark-circle icon (507ms)
      ✓ should display cross-circle icon (492ms)
      ✓ should display search icon (512ms)
      ✓ should display file-add icon for new record (506ms)
    User Menu Icons
      ✓ should display user icon in header (258ms)
      ✓ should display cog icon for preferences (406ms)
      ✓ should display lock icon for password change (401ms)
      ✓ should display exit icon for logout (388ms)


  22 passing (46s)
  1 failing

  1) Menu Icons
       Fixed Icon Codes
         should show correct menu icon (hamburger, not chevron):
     AssertionError: Timed out retrying after 10000ms: Expected to find element: `.lnr-menu`, but never found it.
      at Context.eval (webpack://cma-cypress-tests/./cypress/e2e/navigation/menu-icons.cy.js:129:9)




  (Results)

  ┌────────────────────────────────────────────────────────────────────────────────────────────────┐
  │ Tests:        23                                                                               │
  │ Passing:      22                                                                               │
  │ Failing:      1                                                                                │
  │ Pending:      0                                                                                │
  │ Skipped:      0                                                                                │
  │ Screenshots:  3                                                                                │
  │ Video:        false                                                                            │
  │ Duration:     45 seconds                                                                       │
  │ Spec Ran:     navigation/menu-icons.cy.js                                                      │
  └────────────────────────────────────────────────────────────────────────────────────────────────┘


  (Screenshots)

  -  /mnt/c/repos/cma_platform/cma/cypress/screenshots/navigation/menu-icons.cy.js/Me     (1280x720)
     nu Icons -- Fixed Icon Codes -- should show correct menu icon (hamburger, not ch               
     evron) (failed).png                                                                            
  -  /mnt/c/repos/cma_platform/cma/cypress/screenshots/navigation/menu-icons.cy.js/Me     (1280x720)
     nu Icons -- Fixed Icon Codes -- should show correct menu icon (hamburger, not ch               
     evron) (failed) (attempt 2).png                                                                
  -  /mnt/c/repos/cma_platform/cma/cypress/screenshots/navigation/menu-icons.cy.js/Me     (1280x720)
     nu Icons -- Fixed Icon Codes -- should show correct menu icon (hamburger, not ch               
     evron) (failed) (attempt 3).png                                                                


────────────────────────────────────────────────────────────────────────────────────────────────────
                                                                                                    
  Running:  navigation/menu-pages-load.cy.js                                              (6 of 117)


  Menu Pages Load Without Errors
    ✓ should load all menu pages without errors (2254ms)
    ✓ should load each menu group and test subpages (2245ms)


  2 passing (5s)


  (Results)

  ┌────────────────────────────────────────────────────────────────────────────────────────────────┐
  │ Tests:        2                                                                                │
  │ Passing:      2                                                                                │
  │ Failing:      0                                                                                │
  │ Pending:      0                                                                                │
  │ Skipped:      0                                                                                │
  │ Screenshots:  0                                                                                │
  │ Video:        false                                                                            │
  │ Duration:     4 seconds                                                                        │
  │ Spec Ran:     navigation/menu-pages-load.cy.js                                                 │
  └────────────────────────────────────────────────────────────────────────────────────────────────┘


────────────────────────────────────────────────────────────────────────────────────────────────────
                                                                                                    
  Running:  navigation/menu.cy.js                                                         (7 of 117)


  Menu Navigation
    Menu Groups
      ✓ should display menu groups (2448ms)
      ✓ should have group titles (322ms)
      ✓ should have group icons (405ms)
      ✓ should expand group on click (999ms)
      ✓ should collapse group on second click (1244ms)
      ✓ should show chevron indicator (300ms)
    Menu Items
      ✓ should show items when group expanded (1547ms)
      ✓ should have item text (1562ms)
      ✓ should navigate on item click (5637ms)
      ✓ should highlight active item (4304ms)
    Single Item Groups
      ✓ should navigate directly without expanding (1440ms)
    Menu State Persistence
      ✓ should remember expanded groups (3062ms)
    Menu Accessibility
      ✓ should be keyboard navigable (432ms)
      ✓ should have aria labels (320ms)
    Systeem Menu
      (Attempt 1 of 3) should have only one Beheerstools link
      (Attempt 2 of 3) should have only one Beheerstools link
      1) should have only one Beheerstools link
      (Attempt 1 of 3) should show Beheerstools link for admin users
      (Attempt 2 of 3) should show Beheerstools link for admin users
      2) should show Beheerstools link for admin users
      (Attempt 1 of 3) should show Gebruikers link for admin users
      (Attempt 2 of 3) should show Gebruikers link for admin users
      3) should show Gebruikers link for admin users


  14 passing (2m)
  3 failing

  1) Menu Navigation
       Systeem Menu
         should have only one Beheerstools link:
     AssertionError: Timed out retrying after 10000ms: Expected to find element: `.cma-menu-item-text`, but never found it. Queried from:

              > cy.contains(.cma-menu-group-title, Systeem).parents(.cma-menu-group)
      at Context.eval (webpack://cma-cypress-tests/./cypress/e2e/navigation/menu.cy.js:223:17)

  2) Menu Navigation
       Systeem Menu
         should show Beheerstools link for admin users:
     AssertionError: Timed out retrying after 10000ms: Expected to find element: `.cma-menu-item-text`, but never found it. Queried from:

              > cy.contains(.cma-menu-group-title, Systeem).parents(.cma-menu-group)
      at Context.eval (webpack://cma-cypress-tests/./cypress/e2e/navigation/menu.cy.js:238:17)

  3) Menu Navigation
       Systeem Menu
         should show Gebruikers link for admin users:
     AssertionError: Timed out retrying after 10000ms: Expected to find element: `.cma-menu-item-text`, but never found it. Queried from:

              > cy.contains(.cma-menu-group-title, Systeem).parents(.cma-menu-group)
      at Context.eval (webpack://cma-cypress-tests/./cypress/e2e/navigation/menu.cy.js:253:17)




  (Results)

  ┌────────────────────────────────────────────────────────────────────────────────────────────────┐
  │ Tests:        17                                                                               │
  │ Passing:      14                                                                               │
  │ Failing:      3                                                                                │
  │ Pending:      0                                                                                │
  │ Skipped:      0                                                                                │
  │ Screenshots:  9                                                                                │
  │ Video:        false                                                                            │
  │ Duration:     2 minutes, 19 seconds                                                            │
  │ Spec Ran:     navigation/menu.cy.js                                                            │
  └────────────────────────────────────────────────────────────────────────────────────────────────┘


  (Screenshots)

  -  /mnt/c/repos/cma_platform/cma/cypress/screenshots/navigation/menu.cy.js/Menu Nav     (1280x720)
     igation -- Systeem Menu -- should have only one Beheerstools link (failed).png                 
  -  /mnt/c/repos/cma_platform/cma/cypress/screenshots/navigation/menu.cy.js/Menu Nav     (1280x720)
     igation -- Systeem Menu -- should have only one Beheerstools link (failed) (atte               
     mpt 2).png                                                                                     
  -  /mnt/c/repos/cma_platform/cma/cypress/screenshots/navigation/menu.cy.js/Menu Nav     (1280x720)
     igation -- Systeem Menu -- should have only one Beheerstools link (failed) (atte               
     mpt 3).png                                                                                     
  -  /mnt/c/repos/cma_platform/cma/cypress/screenshots/navigation/menu.cy.js/Menu Nav     (1280x720)
     igation -- Systeem Menu -- should show Beheerstools link for admin users (failed               
     ).png                                                                                          
  -  /mnt/c/repos/cma_platform/cma/cypress/screenshots/navigation/menu.cy.js/Menu Nav     (1280x720)
     igation -- Systeem Menu -- should show Beheerstools link for admin users (failed               
     ) (attempt 2).png                                                                              
  -  /mnt/c/repos/cma_platform/cma/cypress/screenshots/navigation/menu.cy.js/Menu Nav     (1280x720)
     igation -- Systeem Menu -- should show Beheerstools link for admin users (failed               
     ) (attempt 3).png                                                                              
  -  /mnt/c/repos/cma_platform/cma/cypress/screenshots/navigation/menu.cy.js/Menu Nav     (1280x720)
     igation -- Systeem Menu -- should show Gebruikers link for admin users (failed).               
     png                                                                                            
  -  /mnt/c/repos/cma_platform/cma/cypress/screenshots/navigation/menu.cy.js/Menu Nav     (1280x720)
     igation -- Systeem Menu -- should show Gebruikers link for admin users (failed)                
     (attempt 2).png                                                                                
  -  /mnt/c/repos/cma_platform/cma/cypress/screenshots/navigation/menu.cy.js/Menu Nav     (1280x720)
     igation -- Systeem Menu -- should show Gebruikers link for admin users (failed)                
     (attempt 3).png                                                                                


────────────────────────────────────────────────────────────────────────────────────────────────────
                                                                                                    
  Running:  navigation/routes-layout.cy.js                                                (8 of 117)


  Route → layout (regression)
    Shell pages
      (Attempt 1 of 3) /cma/ redirects to the dashboard
      (Attempt 2 of 3) /cma/ redirects to the dashboard
      1) /cma/ redirects to the dashboard
      (Attempt 1 of 3) /cma/dashboard shows the dashboard layout
      (Attempt 2 of 3) /cma/dashboard shows the dashboard layout
      2) /cma/dashboard shows the dashboard layout
      (Attempt 1 of 3) /cma/preferences shows the preferences form
      (Attempt 2 of 3) /cma/preferences shows the preferences form
      3) /cma/preferences shows the preferences form
      (Attempt 1 of 3) /cma/tools shows the tools tree layout
      (Attempt 2 of 3) /cma/tools shows the tools tree layout
      4) /cma/tools shows the tools tree layout
    Form list routes /cma/form/<form>
      (Attempt 1 of 3) users: list layout (form-layout + a list)
      (Attempt 2 of 3) users: list layout (form-layout + a list)
      5) users: list layout (form-layout + a list)
      (Attempt 1 of 3) groups: list layout (form-layout + a list)
      (Attempt 2 of 3) groups: list layout (form-layout + a list)
      6) groups: list layout (form-layout + a list)
      (Attempt 1 of 3) opleidingen: list layout (form-layout + a list)
      (Attempt 2 of 3) opleidingen: list layout (form-layout + a list)
      7) opleidingen: list layout (form-layout + a list)
    Form record deep links /cma/form/<form>/<id>
      ✓ users: opens the record next to the list (171ms)
      ✓ groups: opens the record next to the list (165ms)
      ✓ opleidingen: opens the record next to the list (165ms)
    User / group management
      (Attempt 1 of 3) /cma/form/users renders the users admin form
      (Attempt 2 of 3) /cma/form/users renders the users admin form
      8) /cma/form/users renders the users admin form
      (Attempt 1 of 3) /cma/form/groups renders the groups admin form
      (Attempt 2 of 3) /cma/form/groups renders the groups admin form
      9) /cma/form/groups renders the groups admin form
    Tool routes /cma/tools/<name>
      (Attempt 1 of 3) serverinfo: tools layout with the tool loaded
      (Attempt 2 of 3) serverinfo: tools layout with the tool loaded
      10) serverinfo: tools layout with the tool loaded
      (Attempt 1 of 3) logreader: tools layout with the tool loaded
      (Attempt 2 of 3) logreader: tools layout with the tool loaded
      11) logreader: tools layout with the tool loaded
      (Attempt 1 of 3) dbsummary: tools layout with the tool loaded
      (Attempt 2 of 3) dbsummary: tools layout with the tool loaded
      12) dbsummary: tools layout with the tool loaded
      (Attempt 1 of 3) db_consistency: tools layout with the tool loaded
      (Attempt 2 of 3) db_consistency: tools layout with the tool loaded
      13) db_consistency: tools layout with the tool loaded
      (Attempt 1 of 3) documentation: tools layout with the tool loaded
      (Attempt 2 of 3) documentation: tools layout with the tool loaded
      14) documentation: tools layout with the tool loaded
      (Attempt 1 of 3) storybook: tools layout with the tool loaded
      (Attempt 2 of 3) storybook: tools layout with the tool loaded
      15) storybook: tools layout with the tool loaded
      (Attempt 1 of 3) query: tools layout with the tool loaded
      (Attempt 2 of 3) query: tools layout with the tool loaded
      16) query: tools layout with the tool loaded
      (Attempt 1 of 3) migrations: tools layout with the tool loaded
      (Attempt 2 of 3) migrations: tools layout with the tool loaded
      17) migrations: tools layout with the tool loaded
      (Attempt 1 of 3) backup: tools layout with the tool loaded
      (Attempt 2 of 3) backup: tools layout with the tool loaded
      18) backup: tools layout with the tool loaded
    Form-backed tool aliases redirect to the form route
      (Attempt 1 of 3) ?tool=users → /cma/form/users
      (Attempt 2 of 3) ?tool=users → /cma/form/users
      19) ?tool=users → /cma/form/users
      (Attempt 1 of 3) ?tool=gebruikers → /cma/form/users
      (Attempt 2 of 3) ?tool=gebruikers → /cma/form/users
      20) ?tool=gebruikers → /cma/form/users
      (Attempt 1 of 3) ?tool=groups → /cma/form/groups
      (Attempt 2 of 3) ?tool=groups → /cma/form/groups
      21) ?tool=groups → /cma/form/groups
      (Attempt 1 of 3) ?tool=groepen → /cma/form/groups
      (Attempt 2 of 3) ?tool=groepen → /cma/form/groups
      22) ?tool=groepen → /cma/form/groups
      (Attempt 1 of 3) ?tool=contentblocks → /cma/form/contentblocks
      (Attempt 2 of 3) ?tool=contentblocks → /cma/form/contentblocks
      23) ?tool=contentblocks → /cma/form/contentblocks
      (Attempt 1 of 3) ?tool=marketingurl → /cma/form/marketingurl
      (Attempt 2 of 3) ?tool=marketingurl → /cma/form/marketingurl
      24) ?tool=marketingurl → /cma/form/marketingurl
      (Attempt 1 of 3) ?tool=monitoring → /cma/form/cmamonitoring
      (Attempt 2 of 3) ?tool=monitoring → /cma/form/cmamonitoring
      25) ?tool=monitoring → /cma/form/cmamonitoring


  3 passing (14m)
  25 failing

  1) Route → layout (regression)
       Shell pages
         /cma/ redirects to the dashboard:
     AssertionError: Timed out retrying after 10000ms: expected 'http://172.30.208.1:8090/cma/main.php' to include '/dashboard'
      at Context.eval (webpack://cma-cypress-tests/./cypress/e2e/navigation/routes-layout.cy.js:22:21)

  2) Route → layout (regression)
       Shell pages
         /cma/dashboard shows the dashboard layout:
     CypressError: `cy.visit()` failed trying to load:

http://172.30.208.1:8090/cma/dashboard

The response we received from your web server was:

  > 404: Not Found

This was considered a failure because the status code was not `2xx`.

If you do not want status codes to cause failures pass the option: `failOnStatusCode: false`
      at <unknown> (http://172.30.208.1:8090/__cypress/runner/cypress_runner.js:136196:76)
      at visitFailedByErr (http://172.30.208.1:8090/__cypress/runner/cypress_runner.js:135786:12)
      at <unknown> (http://172.30.208.1:8090/__cypress/runner/cypress_runner.js:136179:13)
      at tryCatcher (http://172.30.208.1:8090/__cypress/runner/cypress_runner.js:1777:23)
      at Promise._settlePromiseFromHandler (http://172.30.208.1:8090/__cypress/runner/cypress_runner.js:1489:31)
      at Promise._settlePromise (http://172.30.208.1:8090/__cypress/runner/cypress_runner.js:1546:18)
      at Promise._settlePromise0 (http://172.30.208.1:8090/__cypress/runner/cypress_runner.js:1591:10)
      at Promise._settlePromises (http://172.30.208.1:8090/__cypress/runner/cypress_runner.js:1667:18)
      at _drainQueueStep (http://172.30.208.1:8090/__cypress/runner/cypress_runner.js:2377:12)
      at _drainQueue (http://172.30.208.1:8090/__cypress/runner/cypress_runner.js:2370:9)
      at Async._drainQueues (http://172.30.208.1:8090/__cypress/runner/cypress_runner.js:2386:5)
      at Async.drainQueues (http://172.30.208.1:8090/__cypress/runner/cypress_runner.js:2256:14)

  3) Route → layout (regression)
       Shell pages
         /cma/preferences shows the preferences form:
     CypressError: `cy.visit()` failed trying to load:

http://172.30.208.1:8090/cma/preferences

The response we received from your web server was:

  > 404: Not Found

This was considered a failure because the status code was not `2xx`.

If you do not want status codes to cause failures pass the option: `failOnStatusCode: false`
      at <unknown> (http://172.30.208.1:8090/__cypress/runner/cypress_runner.js:136196:76)
      at visitFailedByErr (http://172.30.208.1:8090/__cypress/runner/cypress_runner.js:135786:12)
      at <unknown> (http://172.30.208.1:8090/__cypress/runner/cypress_runner.js:136179:13)
      at tryCatcher (http://172.30.208.1:8090/__cypress/runner/cypress_runner.js:1777:23)
      at Promise._settlePromiseFromHandler (http://172.30.208.1:8090/__cypress/runner/cypress_runner.js:1489:31)
      at Promise._settlePromise (http://172.30.208.1:8090/__cypress/runner/cypress_runner.js:1546:18)
      at Promise._settlePromise0 (http://172.30.208.1:8090/__cypress/runner/cypress_runner.js:1591:10)
      at Promise._settlePromises (http://172.30.208.1:8090/__cypress/runner/cypress_runner.js:1667:18)
      at _drainQueueStep (http://172.30.208.1:8090/__cypress/runner/cypress_runner.js:2377:12)
      at _drainQueue (http://172.30.208.1:8090/__cypress/runner/cypress_runner.js:2370:9)
      at Async._drainQueues (http://172.30.208.1:8090/__cypress/runner/cypress_runner.js:2386:5)
      at Async.drainQueues (http://172.30.208.1:8090/__cypress/runner/cypress_runner.js:2256:14)

  4) Route → layout (regression)
       Shell pages
         /cma/tools shows the tools tree layout:
     CypressError: `cy.visit()` failed trying to load:

http://172.30.208.1:8090/cma/tools

The response we received from your web server was:

  > 403: Forbidden

This was considered a failure because the status code was not `2xx`.

This http request was redirected '1' time to:

  - 301: http://172.30.208.1:8090/cma/tools/

If you do not want status codes to cause failures pass the option: `failOnStatusCode: false`
      at <unknown> (http://172.30.208.1:8090/__cypress/runner/cypress_runner.js:136196:76)
      at visitFailedByErr (http://172.30.208.1:8090/__cypress/runner/cypress_runner.js:135786:12)
      at <unknown> (http://172.30.208.1:8090/__cypress/runner/cypress_runner.js:136179:13)
      at tryCatcher (http://172.30.208.1:8090/__cypress/runner/cypress_runner.js:1777:23)
      at Promise._settlePromiseFromHandler (http://172.30.208.1:8090/__cypress/runner/cypress_runner.js:1489:31)
      at Promise._settlePromise (http://172.30.208.1:8090/__cypress/runner/cypress_runner.js:1546:18)
      at Promise._settlePromise0 (http://172.30.208.1:8090/__cypress/runner/cypress_runner.js:1591:10)
      at Promise._settlePromises (http://172.30.208.1:8090/__cypress/runner/cypress_runner.js:1667:18)
      at _drainQueueStep (http://172.30.208.1:8090/__cypress/runner/cypress_runner.js:2377:12)
      at _drainQueue (http://172.30.208.1:8090/__cypress/runner/cypress_runner.js:2370:9)
      at Async._drainQueues (http://172.30.208.1:8090/__cypress/runner/cypress_runner.js:2386:5)
      at Async.drainQueues (http://172.30.208.1:8090/__cypress/runner/cypress_runner.js:2256:14)

  5) Route → layout (regression)
       Form list routes /cma/form/<form>
         users: list layout (form-layout + a list):
     CypressError: `cy.visit()` failed trying to load:

http://172.30.208.1:8090/cma/form/users

The response we received from your web server was:

  > 404: Not Found

This was considered a failure because the status code was not `2xx`.

If you do not want status codes to cause failures pass the option: `failOnStatusCode: false`
      at <unknown> (http://172.30.208.1:8090/__cypress/runner/cypress_runner.js:136196:76)
      at visitFailedByErr (http://172.30.208.1:8090/__cypress/runner/cypress_runner.js:135786:12)
      at <unknown> (http://172.30.208.1:8090/__cypress/runner/cypress_runner.js:136179:13)
      at tryCatcher (http://172.30.208.1:8090/__cypress/runner/cypress_runner.js:1777:23)
      at Promise._settlePromiseFromHandler (http://172.30.208.1:8090/__cypress/runner/cypress_runner.js:1489:31)
      at Promise._settlePromise (http://172.30.208.1:8090/__cypress/runner/cypress_runner.js:1546:18)
      at Promise._settlePromise0 (http://172.30.208.1:8090/__cypress/runner/cypress_runner.js:1591:10)
      at Promise._settlePromises (http://172.30.208.1:8090/__cypress/runner/cypress_runner.js:1667:18)
      at _drainQueueStep (http://172.30.208.1:8090/__cypress/runner/cypress_runner.js:2377:12)
      at _drainQueue (http://172.30.208.1:8090/__cypress/runner/cypress_runner.js:2370:9)
      at Async._drainQueues (http://172.30.208.1:8090/__cypress/runner/cypress_runner.js:2386:5)
      at Async.drainQueues (http://172.30.208.1:8090/__cypress/runner/cypress_runner.js:2256:14)

  6) Route → layout (regression)
       Form list routes /cma/form/<form>
         groups: list layout (form-layout + a list):
     CypressError: `cy.visit()` failed trying to load:

http://172.30.208.1:8090/cma/form/groups

The response we received from your web server was:

  > 404: Not Found

This was considered a failure because the status code was not `2xx`.

If you do not want status codes to cause failures pass the option: `failOnStatusCode: false`
      at <unknown> (http://172.30.208.1:8090/__cypress/runner/cypress_runner.js:136196:76)
      at visitFailedByErr (http://172.30.208.1:8090/__cypress/runner/cypress_runner.js:135786:12)
      at <unknown> (http://172.30.208.1:8090/__cypress/runner/cypress_runner.js:136179:13)
      at tryCatcher (http://172.30.208.1:8090/__cypress/runner/cypress_runner.js:1777:23)
      at Promise._settlePromiseFromHandler (http://172.30.208.1:8090/__cypress/runner/cypress_runner.js:1489:31)
      at Promise._settlePromise (http://172.30.208.1:8090/__cypress/runner/cypress_runner.js:1546:18)
      at Promise._settlePromise0 (http://172.30.208.1:8090/__cypress/runner/cypress_runner.js:1591:10)
      at Promise._settlePromises (http://172.30.208.1:8090/__cypress/runner/cypress_runner.js:1667:18)
      at _drainQueueStep (http://172.30.208.1:8090/__cypress/runner/cypress_runner.js:2377:12)
      at _drainQueue (http://172.30.208.1:8090/__cypress/runner/cypress_runner.js:2370:9)
      at Async._drainQueues (http://172.30.208.1:8090/__cypress/runner/cypress_runner.js:2386:5)
      at Async.drainQueues (http://172.30.208.1:8090/__cypress/runner/cypress_runner.js:2256:14)

  7) Route → layout (regression)
       Form list routes /cma/form/<form>
         opleidingen: list layout (form-layout + a list):
     CypressError: `cy.visit()` failed trying to load:

http://172.30.208.1:8090/cma/form/opleidingen

The response we received from your web server was:

  > 404: Not Found

This was considered a failure because the status code was not `2xx`.

If you do not want status codes to cause failures pass the option: `failOnStatusCode: false`
      at <unknown> (http://172.30.208.1:8090/__cypress/runner/cypress_runner.js:136196:76)
      at visitFailedByErr (http://172.30.208.1:8090/__cypress/runner/cypress_runner.js:135786:12)
      at <unknown> (http://172.30.208.1:8090/__cypress/runner/cypress_runner.js:136179:13)
      at tryCatcher (http://172.30.208.1:8090/__cypress/runner/cypress_runner.js:1777:23)
      at Promise._settlePromiseFromHandler (http://172.30.208.1:8090/__cypress/runner/cypress_runner.js:1489:31)
      at Promise._settlePromise (http://172.30.208.1:8090/__cypress/runner/cypress_runner.js:1546:18)
      at Promise._settlePromise0 (http://172.30.208.1:8090/__cypress/runner/cypress_runner.js:1591:10)
      at Promise._settlePromises (http://172.30.208.1:8090/__cypress/runner/cypress_runner.js:1667:18)
      at _drainQueueStep (http://172.30.208.1:8090/__cypress/runner/cypress_runner.js:2377:12)
      at _drainQueue (http://172.30.208.1:8090/__cypress/runner/cypress_runner.js:2370:9)
      at Async._drainQueues (http://172.30.208.1:8090/__cypress/runner/cypress_runner.js:2386:5)
      at Async.drainQueues (http://172.30.208.1:8090/__cypress/runner/cypress_runner.js:2256:14)

  8) Route → layout (regression)
       User / group management
         /cma/form/users renders the users admin form:
     CypressError: `cy.visit()` failed trying to load:

http://172.30.208.1:8090/cma/form/users

The response we received from your web server was:

  > 404: Not Found

This was considered a failure because the status code was not `2xx`.

If you do not want status codes to cause failures pass the option: `failOnStatusCode: false`
      at <unknown> (http://172.30.208.1:8090/__cypress/runner/cypress_runner.js:136196:76)
      at visitFailedByErr (http://172.30.208.1:8090/__cypress/runner/cypress_runner.js:135786:12)
      at <unknown> (http://172.30.208.1:8090/__cypress/runner/cypress_runner.js:136179:13)
      at tryCatcher (http://172.30.208.1:8090/__cypress/runner/cypress_runner.js:1777:23)
      at Promise._settlePromiseFromHandler (http://172.30.208.1:8090/__cypress/runner/cypress_runner.js:1489:31)
      at Promise._settlePromise (http://172.30.208.1:8090/__cypress/runner/cypress_runner.js:1546:18)
      at Promise._settlePromise0 (http://172.30.208.1:8090/__cypress/runner/cypress_runner.js:1591:10)
      at Promise._settlePromises (http://172.30.208.1:8090/__cypress/runner/cypress_runner.js:1667:18)
      at _drainQueueStep (http://172.30.208.1:8090/__cypress/runner/cypress_runner.js:2377:12)
      at _drainQueue (http://172.30.208.1:8090/__cypress/runner/cypress_runner.js:2370:9)
      at Async._drainQueues (http://172.30.208.1:8090/__cypress/runner/cypress_runner.js:2386:5)
      at Async.drainQueues (http://172.30.208.1:8090/__cypress/runner/cypress_runner.js:2256:14)

  9) Route → layout (regression)
       User / group management
         /cma/form/groups renders the groups admin form:
     CypressError: `cy.visit()` failed trying to load:

http://172.30.208.1:8090/cma/form/groups

The response we received from your web server was:

  > 404: Not Found

This was considered a failure because the status code was not `2xx`.

If you do not want status codes to cause failures pass the option: `failOnStatusCode: false`
      at <unknown> (http://172.30.208.1:8090/__cypress/runner/cypress_runner.js:136196:76)
      at visitFailedByErr (http://172.30.208.1:8090/__cypress/runner/cypress_runner.js:135786:12)
      at <unknown> (http://172.30.208.1:8090/__cypress/runner/cypress_runner.js:136179:13)
      at tryCatcher (http://172.30.208.1:8090/__cypress/runner/cypress_runner.js:1777:23)
      at Promise._settlePromiseFromHandler (http://172.30.208.1:8090/__cypress/runner/cypress_runner.js:1489:31)
      at Promise._settlePromise (http://172.30.208.1:8090/__cypress/runner/cypress_runner.js:1546:18)
      at Promise._settlePromise0 (http://172.30.208.1:8090/__cypress/runner/cypress_runner.js:1591:10)
      at Promise._settlePromises (http://172.30.208.1:8090/__cypress/runner/cypress_runner.js:1667:18)
      at _drainQueueStep (http://172.30.208.1:8090/__cypress/runner/cypress_runner.js:2377:12)
      at _drainQueue (http://172.30.208.1:8090/__cypress/runner/cypress_runner.js:2370:9)
      at Async._drainQueues (http://172.30.208.1:8090/__cypress/runner/cypress_runner.js:2386:5)
      at Async.drainQueues (http://172.30.208.1:8090/__cypress/runner/cypress_runner.js:2256:14)

  10) Route → layout (regression)
       Tool routes /cma/tools/<name>
         serverinfo: tools layout with the tool loaded:
     AssertionError: Timed out retrying after 15000ms: Expected to find element: `#tools-tree, cma-tree`, but never found it.
      at Context.eval (webpack://cma-cypress-tests/./cypress/e2e/navigation/routes-layout.cy.js:126:68)

  11) Route → layout (regression)
       Tool routes /cma/tools/<name>
         logreader: tools layout with the tool loaded:
     AssertionError: Timed out retrying after 15000ms: Expected to find element: `#tools-tree, cma-tree`, but never found it.
      at Context.eval (webpack://cma-cypress-tests/./cypress/e2e/navigation/routes-layout.cy.js:126:68)

  12) Route → layout (regression)
       Tool routes /cma/tools/<name>
         dbsummary: tools layout with the tool loaded:
     AssertionError: Timed out retrying after 15000ms: Expected to find element: `#tools-tree, cma-tree`, but never found it.
      at Context.eval (webpack://cma-cypress-tests/./cypress/e2e/navigation/routes-layout.cy.js:126:68)

  13) Route → layout (regression)
       Tool routes /cma/tools/<name>
         db_consistency: tools layout with the tool loaded:
     AssertionError: Timed out retrying after 15000ms: Expected to find element: `#tools-tree, cma-tree`, but never found it.
      at Context.eval (webpack://cma-cypress-tests/./cypress/e2e/navigation/routes-layout.cy.js:126:68)

  14) Route → layout (regression)
       Tool routes /cma/tools/<name>
         documentation: tools layout with the tool loaded:
     AssertionError: Timed out retrying after 15000ms: Expected to find element: `#tools-tree, cma-tree`, but never found it.
      at Context.eval (webpack://cma-cypress-tests/./cypress/e2e/navigation/routes-layout.cy.js:126:68)

  15) Route → layout (regression)
       Tool routes /cma/tools/<name>
         storybook: tools layout with the tool loaded:
     AssertionError: Timed out retrying after 15000ms: Expected to find element: `#tools-tree, cma-tree`, but never found it.
      at Context.eval (webpack://cma-cypress-tests/./cypress/e2e/navigation/routes-layout.cy.js:126:68)

  16) Route → layout (regression)
       Tool routes /cma/tools/<name>
         query: tools layout with the tool loaded:
     AssertionError: Timed out retrying after 15000ms: Expected to find element: `#tools-tree, cma-tree`, but never found it.
      at Context.eval (webpack://cma-cypress-tests/./cypress/e2e/navigation/routes-layout.cy.js:126:68)

  17) Route → layout (regression)
       Tool routes /cma/tools/<name>
         migrations: tools layout with the tool loaded:
     AssertionError: Timed out retrying after 15000ms: Expected to find element: `#tools-tree, cma-tree`, but never found it.
      at Context.eval (webpack://cma-cypress-tests/./cypress/e2e/navigation/routes-layout.cy.js:126:68)

  18) Route → layout (regression)
       Tool routes /cma/tools/<name>
         backup: tools layout with the tool loaded:
     AssertionError: Timed out retrying after 15000ms: Expected to find element: `#tools-tree, cma-tree`, but never found it.
      at Context.eval (webpack://cma-cypress-tests/./cypress/e2e/navigation/routes-layout.cy.js:126:68)

  19) Route → layout (regression)
       Form-backed tool aliases redirect to the form route
         ?tool=users → /cma/form/users:
     AssertionError: Timed out retrying after 15000ms: expected 'http://172.30.208.1:8090/cma/main.php?page=tools.php&tool=users' to include '/form/users'
      at Context.eval (webpack://cma-cypress-tests/./cypress/e2e/navigation/routes-layout.cy.js:152:43)

  20) Route → layout (regression)
       Form-backed tool aliases redirect to the form route
         ?tool=gebruikers → /cma/form/users:
     AssertionError: Timed out retrying after 15000ms: expected 'http://172.30.208.1:8090/cma/main.php?page=tools.php&tool=gebruikers' to include '/form/users'
      at Context.eval (webpack://cma-cypress-tests/./cypress/e2e/navigation/routes-layout.cy.js:152:43)

  21) Route → layout (regression)
       Form-backed tool aliases redirect to the form route
         ?tool=groups → /cma/form/groups:
     AssertionError: Timed out retrying after 15000ms: expected 'http://172.30.208.1:8090/cma/main.php?page=tools.php&tool=groups' to include '/form/groups'
      at Context.eval (webpack://cma-cypress-tests/./cypress/e2e/navigation/routes-layout.cy.js:152:43)

  22) Route → layout (regression)
       Form-backed tool aliases redirect to the form route
         ?tool=groepen → /cma/form/groups:
     AssertionError: Timed out retrying after 15000ms: expected 'http://172.30.208.1:8090/cma/main.php?page=tools.php&tool=groepen' to include '/form/groups'
      at Context.eval (webpack://cma-cypress-tests/./cypress/e2e/navigation/routes-layout.cy.js:152:43)

  23) Route → layout (regression)
       Form-backed tool aliases redirect to the form route
         ?tool=contentblocks → /cma/form/contentblocks:
     AssertionError: Timed out retrying after 15000ms: expected 'http://172.30.208.1:8090/cma/main.php?page=tools.php&tool=contentblocks' to include '/form/contentblocks'
      at Context.eval (webpack://cma-cypress-tests/./cypress/e2e/navigation/routes-layout.cy.js:152:43)

  24) Route → layout (regression)
       Form-backed tool aliases redirect to the form route
         ?tool=marketingurl → /cma/form/marketingurl:
     AssertionError: Timed out retrying after 15000ms: expected 'http://172.30.208.1:8090/cma/main.php?page=tools.php&tool=marketingurl' to include '/form/marketingurl'
      at Context.eval (webpack://cma-cypress-tests/./cypress/e2e/navigation/routes-layout.cy.js:152:43)

  25) Route → layout (regression)
       Form-backed tool aliases redirect to the form route
         ?tool=monitoring → /cma/form/cmamonitoring:
     AssertionError: Timed out retrying after 15000ms: expected 'http://172.30.208.1:8090/cma/main.php?page=tools.php&tool=monitoring' to include '/form/cmamonitoring'
      at Context.eval (webpack://cma-cypress-tests/./cypress/e2e/navigation/routes-layout.cy.js:152:43)




  (Results)

  ┌────────────────────────────────────────────────────────────────────────────────────────────────┐
  │ Tests:        28                                                                               │
  │ Passing:      3                                                                                │
  │ Failing:      25                                                                               │
  │ Pending:      0                                                                                │
  │ Skipped:      0                                                                                │
  │ Screenshots:  75                                                                               │
  │ Video:        false                                                                            │
  │ Duration:     14 minutes, 7 seconds                                                            │
  │ Spec Ran:     navigation/routes-layout.cy.js                                                   │
  └────────────────────────────────────────────────────────────────────────────────────────────────┘


  (Screenshots)

  -  /mnt/c/repos/cma_platform/cma/cypress/screenshots/navigation/routes-layout.cy.js     (1280x720)
     /Route → layout (regression) -- Shell pages -- cma redirects to the dashboard (f               
     ailed).png                                                                                     
  -  /mnt/c/repos/cma_platform/cma/cypress/screenshots/navigation/routes-layout.cy.js     (1280x720)
     /Route → layout (regression) -- Shell pages -- cma redirects to the dashboard (f               
     ailed) (attempt 2).png                                                                         
  -  /mnt/c/repos/cma_platform/cma/cypress/screenshots/navigation/routes-layout.cy.js     (1280x720)
     /Route → layout (regression) -- Shell pages -- cma redirects to the dashboard (f               
     ailed) (attempt 3).png                                                                         
  -  /mnt/c/repos/cma_platform/cma/cypress/screenshots/navigation/routes-layout.cy.js     (1280x720)
     /Route → layout (regression) -- Shell pages -- cmadashboard shows the dashboard                
     layout (failed).png                                                                            
  -  /mnt/c/repos/cma_platform/cma/cypress/screenshots/navigation/routes-layout.cy.js     (1280x720)
     /Route → layout (regression) -- Shell pages -- cmadashboard shows the dashboard                
     layout (failed) (attempt 2).png                                                                
  -  /mnt/c/repos/cma_platform/cma/cypress/screenshots/navigation/routes-layout.cy.js     (1280x720)
     /Route → layout (regression) -- Shell pages -- cmadashboard shows the dashboard                
     layout (failed) (attempt 3).png                                                                
  -  /mnt/c/repos/cma_platform/cma/cypress/screenshots/navigation/routes-layout.cy.js     (1280x720)
     /Route → layout (regression) -- Shell pages -- cmapreferences shows the preferen               
     ces form (failed).png                                                                          
  -  /mnt/c/repos/cma_platform/cma/cypress/screenshots/navigation/routes-layout.cy.js     (1280x720)
     /Route → layout (regression) -- Shell pages -- cmapreferences shows the preferen               
     ces form (failed) (attempt 2).png                                                              
  -  /mnt/c/repos/cma_platform/cma/cypress/screenshots/navigation/routes-layout.cy.js     (1280x720)
     /Route → layout (regression) -- Shell pages -- cmapreferences shows the preferen               
     ces form (failed) (attempt 3).png                                                              
  -  /mnt/c/repos/cma_platform/cma/cypress/screenshots/navigation/routes-layout.cy.js     (1280x720)
     /Route → layout (regression) -- Shell pages -- cmatools shows the tools tree lay               
     out (failed).png                                                                               
  -  /mnt/c/repos/cma_platform/cma/cypress/screenshots/navigation/routes-layout.cy.js     (1280x720)
     /Route → layout (regression) -- Shell pages -- cmatools shows the tools tree lay               
     out (failed) (attempt 2).png                                                                   
  -  /mnt/c/repos/cma_platform/cma/cypress/screenshots/navigation/routes-layout.cy.js     (1280x720)
     /Route → layout (regression) -- Shell pages -- cmatools shows the tools tree lay               
     out (failed) (attempt 3).png                                                                   
  -  /mnt/c/repos/cma_platform/cma/cypress/screenshots/navigation/routes-layout.cy.js     (1280x720)
     /Route → layout (regression) -- Form list routes cmaformform -- users list layou               
     t (form-layout + a list) (failed).png                                                          
  -  /mnt/c/repos/cma_platform/cma/cypress/screenshots/navigation/routes-layout.cy.js     (1280x720)
     /Route → layout (regression) -- Form list routes cmaformform -- users list layou               
     t (form-layout + a list) (failed) (attempt 2).png                                              
  -  /mnt/c/repos/cma_platform/cma/cypress/screenshots/navigation/routes-layout.cy.js     (1280x720)
     /Route → layout (regression) -- Form list routes cmaformform -- users list layou               
     t (form-layout + a list) (failed) (attempt 3).png                                              
  -  /mnt/c/repos/cma_platform/cma/cypress/screenshots/navigation/routes-layout.cy.js     (1280x720)
     /Route → layout (regression) -- Form list routes cmaformform -- groups list layo               
     ut (form-layout + a list) (failed).png                                                         
  -  /mnt/c/repos/cma_platform/cma/cypress/screenshots/navigation/routes-layout.cy.js     (1280x720)
     /Route → layout (regression) -- Form list routes cmaformform -- groups list layo               
     ut (form-layout + a list) (failed) (attempt 2).png                                             
  -  /mnt/c/repos/cma_platform/cma/cypress/screenshots/navigation/routes-layout.cy.js     (1280x720)
     /Route → layout (regression) -- Form list routes cmaformform -- groups list layo               
     ut (form-layout + a list) (failed) (attempt 3).png                                             
  -  /mnt/c/repos/cma_platform/cma/cypress/screenshots/navigation/routes-layout.cy.js     (1280x720)
     /Route → layout (regression) -- Form list routes cmaformform -- opleidingen list               
      layout (form-layout + a list) (failed).png                                                    
  -  /mnt/c/repos/cma_platform/cma/cypress/screenshots/navigation/routes-layout.cy.js     (1280x720)
     /Route → layout (regression) -- Form list routes cmaformform -- opleidingen list               
      layout (form-layout + a list) (failed) (attempt 2).png                                        
  -  /mnt/c/repos/cma_platform/cma/cypress/screenshots/navigation/routes-layout.cy.js     (1280x720)
     /Route → layout (regression) -- Form list routes cmaformform -- opleidingen list               
      layout (form-layout + a list) (failed) (attempt 3).png                                        
  -  /mnt/c/repos/cma_platform/cma/cypress/screenshots/navigation/routes-layout.cy.js     (1280x720)
     /Route → layout (regression) -- User  group management -- cmaformusers renders t               
     he users admin form (failed).png                                                               
  -  /mnt/c/repos/cma_platform/cma/cypress/screenshots/navigation/routes-layout.cy.js     (1280x720)
     /Route → layout (regression) -- User  group management -- cmaformusers renders t               
     he users admin form (failed) (attempt 2).png                                                   
  -  /mnt/c/repos/cma_platform/cma/cypress/screenshots/navigation/routes-layout.cy.js     (1280x720)
     /Route → layout (regression) -- User  group management -- cmaformusers renders t               
     he users admin form (failed) (attempt 3).png                                                   
  -  /mnt/c/repos/cma_platform/cma/cypress/screenshots/navigation/routes-layout.cy.js     (1280x720)
     /Route → layout (regression) -- User  group management -- cmaformgroups renders                
     the groups admin form (failed).png                                                             
  -  /mnt/c/repos/cma_platform/cma/cypress/screenshots/navigation/routes-layout.cy.js     (1280x720)
     /Route → layout (regression) -- User  group management -- cmaformgroups renders                
     the groups admin form (failed) (attempt 2).png                                                 
  -  /mnt/c/repos/cma_platform/cma/cypress/screenshots/navigation/routes-layout.cy.js     (1280x720)
     /Route → layout (regression) -- User  group management -- cmaformgroups renders                
     the groups admin form (failed) (attempt 3).png                                                 
  -  /mnt/c/repos/cma_platform/cma/cypress/screenshots/navigation/routes-layout.cy.js     (1280x720)
     /Route → layout (regression) -- Tool routes cmatoolsname -- serverinfo tools lay               
     out with the tool loaded (failed).png                                                          
  -  /mnt/c/repos/cma_platform/cma/cypress/screenshots/navigation/routes-layout.cy.js     (1280x720)
     /Route → layout (regression) -- Tool routes cmatoolsname -- serverinfo tools lay               
     out with the tool loaded (failed) (attempt 2).png                                              
  -  /mnt/c/repos/cma_platform/cma/cypress/screenshots/navigation/routes-layout.cy.js     (1280x720)
     /Route → layout (regression) -- Tool routes cmatoolsname -- serverinfo tools lay               
     out with the tool loaded (failed) (attempt 3).png                                              
  -  /mnt/c/repos/cma_platform/cma/cypress/screenshots/navigation/routes-layout.cy.js     (1280x720)
     /Route → layout (regression) -- Tool routes cmatoolsname -- logreader tools layo               
     ut with the tool loaded (failed).png                                                           
  -  /mnt/c/repos/cma_platform/cma/cypress/screenshots/navigation/routes-layout.cy.js     (1280x720)
     /Route → layout (regression) -- Tool routes cmatoolsname -- logreader tools layo               
     ut with the tool loaded (failed) (attempt 2).png                                               
  -  /mnt/c/repos/cma_platform/cma/cypress/screenshots/navigation/routes-layout.cy.js     (1280x720)
     /Route → layout (regression) -- Tool routes cmatoolsname -- logreader tools layo               
     ut with the tool loaded (failed) (attempt 3).png                                               
  -  /mnt/c/repos/cma_platform/cma/cypress/screenshots/navigation/routes-layout.cy.js     (1280x720)
     /Route → layout (regression) -- Tool routes cmatoolsname -- dbsummary tools layo               
     ut with the tool loaded (failed).png                                                           
  -  /mnt/c/repos/cma_platform/cma/cypress/screenshots/navigation/routes-layout.cy.js     (1280x720)
     /Route → layout (regression) -- Tool routes cmatoolsname -- dbsummary tools layo               
     ut with the tool loaded (failed) (attempt 2).png                                               
  -  /mnt/c/repos/cma_platform/cma/cypress/screenshots/navigation/routes-layout.cy.js     (1280x720)
     /Route → layout (regression) -- Tool routes cmatoolsname -- dbsummary tools layo               
     ut with the tool loaded (failed) (attempt 3).png                                               
  -  /mnt/c/repos/cma_platform/cma/cypress/screenshots/navigation/routes-layout.cy.js     (1280x720)
     /Route → layout (regression) -- Tool routes cmatoolsname -- db_consistency tools               
      layout with the tool loaded (failed).png                                                      
  -  /mnt/c/repos/cma_platform/cma/cypress/screenshots/navigation/routes-layout.cy.js     (1280x720)
     /Route → layout (regression) -- Tool routes cmatoolsname -- db_consistency tools               
      layout with the tool loaded (failed) (attempt 2).png                                          
  -  /mnt/c/repos/cma_platform/cma/cypress/screenshots/navigation/routes-layout.cy.js     (1280x720)
     /Route → layout (regression) -- Tool routes cmatoolsname -- db_consistency tools               
      layout with the tool loaded (failed) (attempt 3).png                                          
  -  /mnt/c/repos/cma_platform/cma/cypress/screenshots/navigation/routes-layout.cy.js     (1280x720)
     /Route → layout (regression) -- Tool routes cmatoolsname -- documentation tools                
     layout with the tool loaded (failed).png                                                       
  -  /mnt/c/repos/cma_platform/cma/cypress/screenshots/navigation/routes-layout.cy.js     (1280x720)
     /Route → layout (regression) -- Tool routes cmatoolsname -- documentation tools                
     layout with the tool loaded (failed) (attempt 2).png                                           
  -  /mnt/c/repos/cma_platform/cma/cypress/screenshots/navigation/routes-layout.cy.js     (1280x720)
     /Route → layout (regression) -- Tool routes cmatoolsname -- documentation tools                
     layout with the tool loaded (failed) (attempt 3).png                                           
  -  /mnt/c/repos/cma_platform/cma/cypress/screenshots/navigation/routes-layout.cy.js     (1280x720)
     /Route → layout (regression) -- Tool routes cmatoolsname -- storybook tools layo               
     ut with the tool loaded (failed).png                                                           
  -  /mnt/c/repos/cma_platform/cma/cypress/screenshots/navigation/routes-layout.cy.js     (1280x720)
     /Route → layout (regression) -- Tool routes cmatoolsname -- storybook tools layo               
     ut with the tool loaded (failed) (attempt 2).png                                               
  -  /mnt/c/repos/cma_platform/cma/cypress/screenshots/navigation/routes-layout.cy.js     (1280x720)
     /Route → layout (regression) -- Tool routes cmatoolsname -- storybook tools layo               
     ut with the tool loaded (failed) (attempt 3).png                                               
  -  /mnt/c/repos/cma_platform/cma/cypress/screenshots/navigation/routes-layout.cy.js     (1280x720)
     /Route → layout (regression) -- Tool routes cmatoolsname -- query tools layout w               
     ith the tool loaded (failed).png                                                               
  -  /mnt/c/repos/cma_platform/cma/cypress/screenshots/navigation/routes-layout.cy.js     (1280x720)
     /Route → layout (regression) -- Tool routes cmatoolsname -- query tools layout w               
     ith the tool loaded (failed) (attempt 2).png                                                   
  -  /mnt/c/repos/cma_platform/cma/cypress/screenshots/navigation/routes-layout.cy.js     (1280x720)
     /Route → layout (regression) -- Tool routes cmatoolsname -- query tools layout w               
     ith the tool loaded (failed) (attempt 3).png                                                   
  -  /mnt/c/repos/cma_platform/cma/cypress/screenshots/navigation/routes-layout.cy.js     (1280x720)
     /Route → layout (regression) -- Tool routes cmatoolsname -- migrations tools lay               
     out with the tool loaded (failed).png                                                          
  -  /mnt/c/repos/cma_platform/cma/cypress/screenshots/navigation/routes-layout.cy.js     (1280x720)
     /Route → layout (regression) -- Tool routes cmatoolsname -- migrations tools lay               
     out with the tool loaded (failed) (attempt 2).png                                              
  -  /mnt/c/repos/cma_platform/cma/cypress/screenshots/navigation/routes-layout.cy.js     (1280x720)
     /Route → layout (regression) -- Tool routes cmatoolsname -- migrations tools lay               
     out with the tool loaded (failed) (attempt 3).png                                              
  -  /mnt/c/repos/cma_platform/cma/cypress/screenshots/navigation/routes-layout.cy.js     (1280x720)
     /Route → layout (regression) -- Tool routes cmatoolsname -- backup tools layout                
     with the tool loaded (failed).png                                                              
  -  /mnt/c/repos/cma_platform/cma/cypress/screenshots/navigation/routes-layout.cy.js     (1280x720)
     /Route → layout (regression) -- Tool routes cmatoolsname -- backup tools layout                
     with the tool loaded (failed) (attempt 2).png                                                  
  -  /mnt/c/repos/cma_platform/cma/cypress/screenshots/navigation/routes-layout.cy.js     (1280x720)
     /Route → layout (regression) -- Tool routes cmatoolsname -- backup tools layout                
     with the tool loaded (failed) (attempt 3).png                                                  
  -  /mnt/c/repos/cma_platform/cma/cypress/screenshots/navigation/routes-layout.cy.js     (1280x720)
     /Route → layout (regression) -- Form-backed tool aliases redirect to the form ro               
     ute -- tool=users → cmaformusers (failed).png                                                  
  -  /mnt/c/repos/cma_platform/cma/cypress/screenshots/navigation/routes-layout.cy.js     (1280x720)
     /Route → layout (regression) -- Form-backed tool aliases redirect to the form ro               
     ute -- tool=users → cmaformusers (failed) (attempt 2).png                                      
  -  /mnt/c/repos/cma_platform/cma/cypress/screenshots/navigation/routes-layout.cy.js     (1280x720)
     /Route → layout (regression) -- Form-backed tool aliases redirect to the form ro               
     ute -- tool=users → cmaformusers (failed) (attempt 3).png                                      
  -  /mnt/c/repos/cma_platform/cma/cypress/screenshots/navigation/routes-layout.cy.js     (1280x720)
     /Route → layout (regression) -- Form-backed tool aliases redirect to the form ro               
     ute -- tool=gebruikers → cmaformusers (failed).png                                             
  -  /mnt/c/repos/cma_platform/cma/cypress/screenshots/navigation/routes-layout.cy.js     (1280x720)
     /Route → layout (regression) -- Form-backed tool aliases redirect to the form ro               
     ute -- tool=gebruikers → cmaformusers (failed) (attempt 2).png                                 
  -  /mnt/c/repos/cma_platform/cma/cypress/screenshots/navigation/routes-layout.cy.js     (1280x720)
     /Route → layout (regression) -- Form-backed tool aliases redirect to the form ro               
     ute -- tool=gebruikers → cmaformusers (failed) (attempt 3).png                                 
  -  /mnt/c/repos/cma_platform/cma/cypress/screenshots/navigation/routes-layout.cy.js     (1280x720)
     /Route → layout (regression) -- Form-backed tool aliases redirect to the form ro               
     ute -- tool=groups → cmaformgroups (failed).png                                                
  -  /mnt/c/repos/cma_platform/cma/cypress/screenshots/navigation/routes-layout.cy.js     (1280x720)
     /Route → layout (regression) -- Form-backed tool aliases redirect to the form ro               
     ute -- tool=groups → cmaformgroups (failed) (attempt 2).png                                    
  -  /mnt/c/repos/cma_platform/cma/cypress/screenshots/navigation/routes-layout.cy.js     (1280x720)
     /Route → layout (regression) -- Form-backed tool aliases redirect to the form ro               
     ute -- tool=groups → cmaformgroups (failed) (attempt 3).png                                    
  -  /mnt/c/repos/cma_platform/cma/cypress/screenshots/navigation/routes-layout.cy.js     (1280x720)
     /Route → layout (regression) -- Form-backed tool aliases redirect to the form ro               
     ute -- tool=groepen → cmaformgroups (failed).png                                               
  -  /mnt/c/repos/cma_platform/cma/cypress/screenshots/navigation/routes-layout.cy.js     (1280x720)
     /Route → layout (regression) -- Form-backed tool aliases redirect to the form ro               
     ute -- tool=groepen → cmaformgroups (failed) (attempt 2).png                                   
  -  /mnt/c/repos/cma_platform/cma/cypress/screenshots/navigation/routes-layout.cy.js     (1280x720)
     /Route → layout (regression) -- Form-backed tool aliases redirect to the form ro               
     ute -- tool=groepen → cmaformgroups (failed) (attempt 3).png                                   
  -  /mnt/c/repos/cma_platform/cma/cypress/screenshots/navigation/routes-layout.cy.js     (1280x720)
     /Route → layout (regression) -- Form-backed tool aliases redirect to the form ro               
     ute -- tool=contentblocks → cmaformcontentblocks (failed).png                                  
  -  /mnt/c/repos/cma_platform/cma/cypress/screenshots/navigation/routes-layout.cy.js     (1280x720)
     /Route → layout (regression) -- Form-backed tool aliases redirect to the form ro               
     ute -- tool=contentblocks → cmaformcontentblocks (failed) (attempt 2).png                      
  -  /mnt/c/repos/cma_platform/cma/cypress/screenshots/navigation/routes-layout.cy.js     (1280x720)
     /Route → layout (regression) -- Form-backed tool aliases redirect to the form ro               
     ute -- tool=contentblocks → cmaformcontentblocks (failed) (attempt 3).png                      
  -  /mnt/c/repos/cma_platform/cma/cypress/screenshots/navigation/routes-layout.cy.js     (1280x720)
     /Route → layout (regression) -- Form-backed tool aliases redirect to the form ro               
     ute -- tool=marketingurl → cmaformmarketingurl (failed).png                                    
  -  /mnt/c/repos/cma_platform/cma/cypress/screenshots/navigation/routes-layout.cy.js     (1280x720)
     /Route → layout (regression) -- Form-backed tool aliases redirect to the form ro               
     ute -- tool=marketingurl → cmaformmarketingurl (failed) (attempt 2).png                        
  -  /mnt/c/repos/cma_platform/cma/cypress/screenshots/navigation/routes-layout.cy.js     (1280x720)
     /Route → layout (regression) -- Form-backed tool aliases redirect to the form ro               
     ute -- tool=marketingurl → cmaformmarketingurl (failed) (attempt 3).png                        
  -  /mnt/c/repos/cma_platform/cma/cypress/screenshots/navigation/routes-layout.cy.js     (1280x720)
     /Route → layout (regression) -- Form-backed tool aliases redirect to the form ro               
     ute -- tool=monitoring → cmaformcmamonitoring (failed).png                                     
  -  /mnt/c/repos/cma_platform/cma/cypress/screenshots/navigation/routes-layout.cy.js     (1280x720)
     /Route → layout (regression) -- Form-backed tool aliases redirect to the form ro               
     ute -- tool=monitoring → cmaformcmamonitoring (failed) (attempt 2).png                         
  -  /mnt/c/repos/cma_platform/cma/cypress/screenshots/navigation/routes-layout.cy.js     (1280x720)
     /Route → layout (regression) -- Form-backed tool aliases redirect to the form ro               
     ute -- tool=monitoring → cmaformcmamonitoring (failed) (attempt 3).png                         


────────────────────────────────────────────────────────────────────────────────────────────────────
                                                                                                    
  Running:  navigation/routing-variants.cy.js                                             (9 of 117)


  Navigation / routing variants
    Canonical form route (/cma/form/<form>)
      (Attempt 1 of 3) opens groups in the main shell with a clean /cma/form/groups URL
      (Attempt 2 of 3) opens groups in the main shell with a clean /cma/form/groups URL
      1) opens groups in the main shell with a clean /cma/form/groups URL
      (Attempt 1 of 3) opens users in the main shell with a clean /cma/form/users URL
      (Attempt 2 of 3) opens users in the main shell with a clean /cma/form/users URL
      2) opens users in the main shell with a clean /cma/form/users URL
      (Attempt 1 of 3) opens marketingurl in the main shell with a clean /cma/form/marketingurl URL
      (Attempt 2 of 3) opens marketingurl in the main shell with a clean /cma/form/marketingurl URL
      3) opens marketingurl in the main shell with a clean /cma/form/marketingurl URL
      (Attempt 1 of 3) opens emaillog in the main shell with a clean /cma/form/emaillog URL
      (Attempt 2 of 3) opens emaillog in the main shell with a clean /cma/form/emaillog URL
      4) opens emaillog in the main shell with a clean /cma/form/emaillog URL
    Form via tools page (/cma/tools?form=<form>)
      (Attempt 1 of 3) opens groups inside the tools chrome (Menu button present)
      (Attempt 2 of 3) opens groups inside the tools chrome (Menu button present)
      5) opens groups inside the tools chrome (Menu button present)
      (Attempt 1 of 3) opens users inside the tools chrome (Menu button present)
      (Attempt 2 of 3) opens users inside the tools chrome (Menu button present)
      6) opens users inside the tools chrome (Menu button present)
      (Attempt 1 of 3) opens marketingurl inside the tools chrome (Menu button present)
      (Attempt 2 of 3) opens marketingurl inside the tools chrome (Menu button present)
      7) opens marketingurl inside the tools chrome (Menu button present)
      (Attempt 1 of 3) opens emaillog inside the tools chrome (Menu button present)
      (Attempt 2 of 3) opens emaillog inside the tools chrome (Menu button present)
      8) opens emaillog inside the tools chrome (Menu button present)
    Tool via tools page (/cma/tools?tool=<tool>)
      (Attempt 1 of 3) opens serverinfo inside the tools chrome
      (Attempt 2 of 3) opens serverinfo inside the tools chrome
      9) opens serverinfo inside the tools chrome
      (Attempt 1 of 3) opens clearcache inside the tools chrome
      (Attempt 2 of 3) opens clearcache inside the tools chrome
      10) opens clearcache inside the tools chrome
    Opening from the tools launcher
      (Attempt 1 of 3) quick-find filters the item list (regression guard)
      (Attempt 2 of 3) quick-find filters the item list (regression guard)
      11) quick-find filters the item list (regression guard)
      (Attempt 1 of 3) a FORM tile routes through tools.php (URL gets ?form=, chrome present)
      (Attempt 2 of 3) a FORM tile routes through tools.php (URL gets ?form=, chrome present)
      12) a FORM tile routes through tools.php (URL gets ?form=, chrome present)
      (Attempt 1 of 3) a TOOL tile routes to /cma/tools?tool=
      (Attempt 2 of 3) a TOOL tile routes to /cma/tools?tool=
      13) a TOOL tile routes to /cma/tools?tool=
      (Attempt 1 of 3) clicking the Menu button re-opens (toggle) the launcher
      (Attempt 2 of 3) clicking the Menu button re-opens (toggle) the launcher
      14) clicking the Menu button re-opens (toggle) the launcher
    Forms are callable both ways
      (Attempt 1 of 3) groups: canonical route AND tools-page route both render it
      (Attempt 2 of 3) groups: canonical route AND tools-page route both render it
      15) groups: canonical route AND tools-page route both render it
      (Attempt 1 of 3) users: canonical route AND tools-page route both render it
      (Attempt 2 of 3) users: canonical route AND tools-page route both render it
      16) users: canonical route AND tools-page route both render it
      (Attempt 1 of 3) marketingurl: canonical route AND tools-page route both render it
      (Attempt 2 of 3) marketingurl: canonical route AND tools-page route both render it
      17) marketingurl: canonical route AND tools-page route both render it
      (Attempt 1 of 3) emaillog: canonical route AND tools-page route both render it
      (Attempt 2 of 3) emaillog: canonical route AND tools-page route both render it
      18) emaillog: canonical route AND tools-page route both render it
    Opening a record updates the URL
      (Attempt 1 of 3) groups: selecting a row puts the record id in the /cma/form/groups/<id> URL
      (Attempt 2 of 3) groups: selecting a row puts the record id in the /cma/form/groups/<id> URL
      19) groups: selecting a row puts the record id in the /cma/form/groups/<id> URL
    General left menu pane stays present and visible
      (Attempt 1 of 3) canonical form route keeps the left menu
      (Attempt 2 of 3) canonical form route keeps the left menu
      20) canonical form route keeps the left menu
      (Attempt 1 of 3) form via tools page keeps the left menu
      (Attempt 2 of 3) form via tools page keeps the left menu
      21) form via tools page keeps the left menu
      (Attempt 1 of 3) tool via tools page keeps the left menu
      (Attempt 2 of 3) tool via tools page keeps the left menu
      22) tool via tools page keeps the left menu
      (Attempt 1 of 3) form opened from the launcher keeps the left menu
      (Attempt 2 of 3) form opened from the launcher keeps the left menu
      23) form opened from the launcher keeps the left menu
      - a child form reached directly still keeps the left menu


  0 passing (43s)
  1 pending
  23 failing

  1) Navigation / routing variants
       Canonical form route (/cma/form/<form>)
         opens groups in the main shell with a clean /cma/form/groups URL:
     CypressError: `cy.visit()` failed trying to load:

http://172.30.208.1:8090/cma/form/groups

The response we received from your web server was:

  > 404: Not Found

This was considered a failure because the status code was not `2xx`.

If you do not want status codes to cause failures pass the option: `failOnStatusCode: false`
      at <unknown> (http://172.30.208.1:8090/__cypress/runner/cypress_runner.js:136196:76)
      at visitFailedByErr (http://172.30.208.1:8090/__cypress/runner/cypress_runner.js:135786:12)
      at <unknown> (http://172.30.208.1:8090/__cypress/runner/cypress_runner.js:136179:13)
      at tryCatcher (http://172.30.208.1:8090/__cypress/runner/cypress_runner.js:1777:23)
      at Promise._settlePromiseFromHandler (http://172.30.208.1:8090/__cypress/runner/cypress_runner.js:1489:31)
      at Promise._settlePromise (http://172.30.208.1:8090/__cypress/runner/cypress_runner.js:1546:18)
      at Promise._settlePromise0 (http://172.30.208.1:8090/__cypress/runner/cypress_runner.js:1591:10)
      at Promise._settlePromises (http://172.30.208.1:8090/__cypress/runner/cypress_runner.js:1667:18)
      at _drainQueueStep (http://172.30.208.1:8090/__cypress/runner/cypress_runner.js:2377:12)
      at _drainQueue (http://172.30.208.1:8090/__cypress/runner/cypress_runner.js:2370:9)
      at Async._drainQueues (http://172.30.208.1:8090/__cypress/runner/cypress_runner.js:2386:5)
      at Async.drainQueues (http://172.30.208.1:8090/__cypress/runner/cypress_runner.js:2256:14)

  2) Navigation / routing variants
       Canonical form route (/cma/form/<form>)
         opens users in the main shell with a clean /cma/form/users URL:
     CypressError: `cy.visit()` failed trying to load:

http://172.30.208.1:8090/cma/form/users

The response we received from your web server was:

  > 404: Not Found

This was considered a failure because the status code was not `2xx`.

If you do not want status codes to cause failures pass the option: `failOnStatusCode: false`
      at <unknown> (http://172.30.208.1:8090/__cypress/runner/cypress_runner.js:136196:76)
      at visitFailedByErr (http://172.30.208.1:8090/__cypress/runner/cypress_runner.js:135786:12)
      at <unknown> (http://172.30.208.1:8090/__cypress/runner/cypress_runner.js:136179:13)
      at tryCatcher (http://172.30.208.1:8090/__cypress/runner/cypress_runner.js:1777:23)
      at Promise._settlePromiseFromHandler (http://172.30.208.1:8090/__cypress/runner/cypress_runner.js:1489:31)
      at Promise._settlePromise (http://172.30.208.1:8090/__cypress/runner/cypress_runner.js:1546:18)
      at Promise._settlePromise0 (http://172.30.208.1:8090/__cypress/runner/cypress_runner.js:1591:10)
      at Promise._settlePromises (http://172.30.208.1:8090/__cypress/runner/cypress_runner.js:1667:18)
      at _drainQueueStep (http://172.30.208.1:8090/__cypress/runner/cypress_runner.js:2377:12)
      at _drainQueue (http://172.30.208.1:8090/__cypress/runner/cypress_runner.js:2370:9)
      at Async._drainQueues (http://172.30.208.1:8090/__cypress/runner/cypress_runner.js:2386:5)
      at Async.drainQueues (http://172.30.208.1:8090/__cypress/runner/cypress_runner.js:2256:14)

  3) Navigation / routing variants
       Canonical form route (/cma/form/<form>)
         opens marketingurl in the main shell with a clean /cma/form/marketingurl URL:
     CypressError: `cy.visit()` failed trying to load:

http://172.30.208.1:8090/cma/form/marketingurl

The response we received from your web server was:

  > 404: Not Found

This was considered a failure because the status code was not `2xx`.

If you do not want status codes to cause failures pass the option: `failOnStatusCode: false`
      at <unknown> (http://172.30.208.1:8090/__cypress/runner/cypress_runner.js:136196:76)
      at visitFailedByErr (http://172.30.208.1:8090/__cypress/runner/cypress_runner.js:135786:12)
      at <unknown> (http://172.30.208.1:8090/__cypress/runner/cypress_runner.js:136179:13)
      at tryCatcher (http://172.30.208.1:8090/__cypress/runner/cypress_runner.js:1777:23)
      at Promise._settlePromiseFromHandler (http://172.30.208.1:8090/__cypress/runner/cypress_runner.js:1489:31)
      at Promise._settlePromise (http://172.30.208.1:8090/__cypress/runner/cypress_runner.js:1546:18)
      at Promise._settlePromise0 (http://172.30.208.1:8090/__cypress/runner/cypress_runner.js:1591:10)
      at Promise._settlePromises (http://172.30.208.1:8090/__cypress/runner/cypress_runner.js:1667:18)
      at _drainQueueStep (http://172.30.208.1:8090/__cypress/runner/cypress_runner.js:2377:12)
      at _drainQueue (http://172.30.208.1:8090/__cypress/runner/cypress_runner.js:2370:9)
      at Async._drainQueues (http://172.30.208.1:8090/__cypress/runner/cypress_runner.js:2386:5)
      at Async.drainQueues (http://172.30.208.1:8090/__cypress/runner/cypress_runner.js:2256:14)

  4) Navigation / routing variants
       Canonical form route (/cma/form/<form>)
         opens emaillog in the main shell with a clean /cma/form/emaillog URL:
     CypressError: `cy.visit()` failed trying to load:

http://172.30.208.1:8090/cma/form/emaillog

The response we received from your web server was:

  > 404: Not Found

This was considered a failure because the status code was not `2xx`.

If you do not want status codes to cause failures pass the option: `failOnStatusCode: false`
      at <unknown> (http://172.30.208.1:8090/__cypress/runner/cypress_runner.js:136196:76)
      at visitFailedByErr (http://172.30.208.1:8090/__cypress/runner/cypress_runner.js:135786:12)
      at <unknown> (http://172.30.208.1:8090/__cypress/runner/cypress_runner.js:136179:13)
      at tryCatcher (http://172.30.208.1:8090/__cypress/runner/cypress_runner.js:1777:23)
      at Promise._settlePromiseFromHandler (http://172.30.208.1:8090/__cypress/runner/cypress_runner.js:1489:31)
      at Promise._settlePromise (http://172.30.208.1:8090/__cypress/runner/cypress_runner.js:1546:18)
      at Promise._settlePromise0 (http://172.30.208.1:8090/__cypress/runner/cypress_runner.js:1591:10)
      at Promise._settlePromises (http://172.30.208.1:8090/__cypress/runner/cypress_runner.js:1667:18)
      at _drainQueueStep (http://172.30.208.1:8090/__cypress/runner/cypress_runner.js:2377:12)
      at _drainQueue (http://172.30.208.1:8090/__cypress/runner/cypress_runner.js:2370:9)
      at Async._drainQueues (http://172.30.208.1:8090/__cypress/runner/cypress_runner.js:2386:5)
      at Async.drainQueues (http://172.30.208.1:8090/__cypress/runner/cypress_runner.js:2256:14)

  5) Navigation / routing variants
       Form via tools page (/cma/tools?form=<form>)
         opens groups inside the tools chrome (Menu button present):
     CypressError: `cy.visit()` failed trying to load:

http://172.30.208.1:8090/cma/tools?form=groups

The response we received from your web server was:

  > 403: Forbidden

This was considered a failure because the status code was not `2xx`.

This http request was redirected '1' time to:

  - 301: http://172.30.208.1:8090/cma/tools/?form=groups

If you do not want status codes to cause failures pass the option: `failOnStatusCode: false`
      at <unknown> (http://172.30.208.1:8090/__cypress/runner/cypress_runner.js:136196:76)
      at visitFailedByErr (http://172.30.208.1:8090/__cypress/runner/cypress_runner.js:135786:12)
      at <unknown> (http://172.30.208.1:8090/__cypress/runner/cypress_runner.js:136179:13)
      at tryCatcher (http://172.30.208.1:8090/__cypress/runner/cypress_runner.js:1777:23)
      at Promise._settlePromiseFromHandler (http://172.30.208.1:8090/__cypress/runner/cypress_runner.js:1489:31)
      at Promise._settlePromise (http://172.30.208.1:8090/__cypress/runner/cypress_runner.js:1546:18)
      at Promise._settlePromise0 (http://172.30.208.1:8090/__cypress/runner/cypress_runner.js:1591:10)
      at Promise._settlePromises (http://172.30.208.1:8090/__cypress/runner/cypress_runner.js:1667:18)
      at _drainQueueStep (http://172.30.208.1:8090/__cypress/runner/cypress_runner.js:2377:12)
      at _drainQueue (http://172.30.208.1:8090/__cypress/runner/cypress_runner.js:2370:9)
      at Async._drainQueues (http://172.30.208.1:8090/__cypress/runner/cypress_runner.js:2386:5)
      at Async.drainQueues (http://172.30.208.1:8090/__cypress/runner/cypress_runner.js:2256:14)

  6) Navigation / routing variants
       Form via tools page (/cma/tools?form=<form>)
         opens users inside the tools chrome (Menu button present):
     CypressError: `cy.visit()` failed trying to load:

http://172.30.208.1:8090/cma/tools?form=users

The response we received from your web server was:

  > 403: Forbidden

This was considered a failure because the status code was not `2xx`.

This http request was redirected '1' time to:

  - 301: http://172.30.208.1:8090/cma/tools/?form=users

If you do not want status codes to cause failures pass the option: `failOnStatusCode: false`
      at <unknown> (http://172.30.208.1:8090/__cypress/runner/cypress_runner.js:136196:76)
      at visitFailedByErr (http://172.30.208.1:8090/__cypress/runner/cypress_runner.js:135786:12)
      at <unknown> (http://172.30.208.1:8090/__cypress/runner/cypress_runner.js:136179:13)
      at tryCatcher (http://172.30.208.1:8090/__cypress/runner/cypress_runner.js:1777:23)
      at Promise._settlePromiseFromHandler (http://172.30.208.1:8090/__cypress/runner/cypress_runner.js:1489:31)
      at Promise._settlePromise (http://172.30.208.1:8090/__cypress/runner/cypress_runner.js:1546:18)
      at Promise._settlePromise0 (http://172.30.208.1:8090/__cypress/runner/cypress_runner.js:1591:10)
      at Promise._settlePromises (http://172.30.208.1:8090/__cypress/runner/cypress_runner.js:1667:18)
      at _drainQueueStep (http://172.30.208.1:8090/__cypress/runner/cypress_runner.js:2377:12)
      at _drainQueue (http://172.30.208.1:8090/__cypress/runner/cypress_runner.js:2370:9)
      at Async._drainQueues (http://172.30.208.1:8090/__cypress/runner/cypress_runner.js:2386:5)
      at Async.drainQueues (http://172.30.208.1:8090/__cypress/runner/cypress_runner.js:2256:14)

  7) Navigation / routing variants
       Form via tools page (/cma/tools?form=<form>)
         opens marketingurl inside the tools chrome (Menu button present):
     CypressError: `cy.visit()` failed trying to load:

http://172.30.208.1:8090/cma/tools?form=marketingurl

The response we received from your web server was:

  > 403: Forbidden

This was considered a failure because the status code was not `2xx`.

This http request was redirected '1' time to:

  - 301: http://172.30.208.1:8090/cma/tools/?form=marketingurl

If you do not want status codes to cause failures pass the option: `failOnStatusCode: false`
      at <unknown> (http://172.30.208.1:8090/__cypress/runner/cypress_runner.js:136196:76)
      at visitFailedByErr (http://172.30.208.1:8090/__cypress/runner/cypress_runner.js:135786:12)
      at <unknown> (http://172.30.208.1:8090/__cypress/runner/cypress_runner.js:136179:13)
      at tryCatcher (http://172.30.208.1:8090/__cypress/runner/cypress_runner.js:1777:23)
      at Promise._settlePromiseFromHandler (http://172.30.208.1:8090/__cypress/runner/cypress_runner.js:1489:31)
      at Promise._settlePromise (http://172.30.208.1:8090/__cypress/runner/cypress_runner.js:1546:18)
      at Promise._settlePromise0 (http://172.30.208.1:8090/__cypress/runner/cypress_runner.js:1591:10)
      at Promise._settlePromises (http://172.30.208.1:8090/__cypress/runner/cypress_runner.js:1667:18)
      at _drainQueueStep (http://172.30.208.1:8090/__cypress/runner/cypress_runner.js:2377:12)
      at _drainQueue (http://172.30.208.1:8090/__cypress/runner/cypress_runner.js:2370:9)
      at Async._drainQueues (http://172.30.208.1:8090/__cypress/runner/cypress_runner.js:2386:5)
      at Async.drainQueues (http://172.30.208.1:8090/__cypress/runner/cypress_runner.js:2256:14)

  8) Navigation / routing variants
       Form via tools page (/cma/tools?form=<form>)
         opens emaillog inside the tools chrome (Menu button present):
     CypressError: `cy.visit()` failed trying to load:

http://172.30.208.1:8090/cma/tools?form=emaillog

The response we received from your web server was:

  > 403: Forbidden

This was considered a failure because the status code was not `2xx`.

This http request was redirected '1' time to:

  - 301: http://172.30.208.1:8090/cma/tools/?form=emaillog

If you do not want status codes to cause failures pass the option: `failOnStatusCode: false`
      at <unknown> (http://172.30.208.1:8090/__cypress/runner/cypress_runner.js:136196:76)
      at visitFailedByErr (http://172.30.208.1:8090/__cypress/runner/cypress_runner.js:135786:12)
      at <unknown> (http://172.30.208.1:8090/__cypress/runner/cypress_runner.js:136179:13)
      at tryCatcher (http://172.30.208.1:8090/__cypress/runner/cypress_runner.js:1777:23)
      at Promise._settlePromiseFromHandler (http://172.30.208.1:8090/__cypress/runner/cypress_runner.js:1489:31)
      at Promise._settlePromise (http://172.30.208.1:8090/__cypress/runner/cypress_runner.js:1546:18)
      at Promise._settlePromise0 (http://172.30.208.1:8090/__cypress/runner/cypress_runner.js:1591:10)
      at Promise._settlePromises (http://172.30.208.1:8090/__cypress/runner/cypress_runner.js:1667:18)
      at _drainQueueStep (http://172.30.208.1:8090/__cypress/runner/cypress_runner.js:2377:12)
      at _drainQueue (http://172.30.208.1:8090/__cypress/runner/cypress_runner.js:2370:9)
      at Async._drainQueues (http://172.30.208.1:8090/__cypress/runner/cypress_runner.js:2386:5)
      at Async.drainQueues (http://172.30.208.1:8090/__cypress/runner/cypress_runner.js:2256:14)

  9) Navigation / routing variants
       Tool via tools page (/cma/tools?tool=<tool>)
         opens serverinfo inside the tools chrome:
     CypressError: `cy.visit()` failed trying to load:

http://172.30.208.1:8090/cma/tools?tool=serverinfo

The response we received from your web server was:

  > 403: Forbidden

This was considered a failure because the status code was not `2xx`.

This http request was redirected '1' time to:

  - 301: http://172.30.208.1:8090/cma/tools/?tool=serverinfo

If you do not want status codes to cause failures pass the option: `failOnStatusCode: false`
      at <unknown> (http://172.30.208.1:8090/__cypress/runner/cypress_runner.js:136196:76)
      at visitFailedByErr (http://172.30.208.1:8090/__cypress/runner/cypress_runner.js:135786:12)
      at <unknown> (http://172.30.208.1:8090/__cypress/runner/cypress_runner.js:136179:13)
      at tryCatcher (http://172.30.208.1:8090/__cypress/runner/cypress_runner.js:1777:23)
      at Promise._settlePromiseFromHandler (http://172.30.208.1:8090/__cypress/runner/cypress_runner.js:1489:31)
      at Promise._settlePromise (http://172.30.208.1:8090/__cypress/runner/cypress_runner.js:1546:18)
      at Promise._settlePromise0 (http://172.30.208.1:8090/__cypress/runner/cypress_runner.js:1591:10)
      at Promise._settlePromises (http://172.30.208.1:8090/__cypress/runner/cypress_runner.js:1667:18)
      at _drainQueueStep (http://172.30.208.1:8090/__cypress/runner/cypress_runner.js:2377:12)
      at _drainQueue (http://172.30.208.1:8090/__cypress/runner/cypress_runner.js:2370:9)
      at Async._drainQueues (http://172.30.208.1:8090/__cypress/runner/cypress_runner.js:2386:5)
      at Async.drainQueues (http://172.30.208.1:8090/__cypress/runner/cypress_runner.js:2256:14)

  10) Navigation / routing variants
       Tool via tools page (/cma/tools?tool=<tool>)
         opens clearcache inside the tools chrome:
     CypressError: `cy.visit()` failed trying to load:

http://172.30.208.1:8090/cma/tools?tool=clearcache

The response we received from your web server was:

  > 403: Forbidden

This was considered a failure because the status code was not `2xx`.

This http request was redirected '1' time to:

  - 301: http://172.30.208.1:8090/cma/tools/?tool=clearcache

If you do not want status codes to cause failures pass the option: `failOnStatusCode: false`
      at <unknown> (http://172.30.208.1:8090/__cypress/runner/cypress_runner.js:136196:76)
      at visitFailedByErr (http://172.30.208.1:8090/__cypress/runner/cypress_runner.js:135786:12)
      at <unknown> (http://172.30.208.1:8090/__cypress/runner/cypress_runner.js:136179:13)
      at tryCatcher (http://172.30.208.1:8090/__cypress/runner/cypress_runner.js:1777:23)
      at Promise._settlePromiseFromHandler (http://172.30.208.1:8090/__cypress/runner/cypress_runner.js:1489:31)
      at Promise._settlePromise (http://172.30.208.1:8090/__cypress/runner/cypress_runner.js:1546:18)
      at Promise._settlePromise0 (http://172.30.208.1:8090/__cypress/runner/cypress_runner.js:1591:10)
      at Promise._settlePromises (http://172.30.208.1:8090/__cypress/runner/cypress_runner.js:1667:18)
      at _drainQueueStep (http://172.30.208.1:8090/__cypress/runner/cypress_runner.js:2377:12)
      at _drainQueue (http://172.30.208.1:8090/__cypress/runner/cypress_runner.js:2370:9)
      at Async._drainQueues (http://172.30.208.1:8090/__cypress/runner/cypress_runner.js:2386:5)
      at Async.drainQueues (http://172.30.208.1:8090/__cypress/runner/cypress_runner.js:2256:14)

  11) Navigation / routing variants
       Opening from the tools launcher
         quick-find filters the item list (regression guard):
     CypressError: `cy.visit()` failed trying to load:

http://172.30.208.1:8090/cma/tools

The response we received from your web server was:

  > 403: Forbidden

This was considered a failure because the status code was not `2xx`.

This http request was redirected '1' time to:

  - 301: http://172.30.208.1:8090/cma/tools/

If you do not want status codes to cause failures pass the option: `failOnStatusCode: false`
      at <unknown> (http://172.30.208.1:8090/__cypress/runner/cypress_runner.js:136196:76)
      at visitFailedByErr (http://172.30.208.1:8090/__cypress/runner/cypress_runner.js:135786:12)
      at <unknown> (http://172.30.208.1:8090/__cypress/runner/cypress_runner.js:136179:13)
      at tryCatcher (http://172.30.208.1:8090/__cypress/runner/cypress_runner.js:1777:23)
      at Promise._settlePromiseFromHandler (http://172.30.208.1:8090/__cypress/runner/cypress_runner.js:1489:31)
      at Promise._settlePromise (http://172.30.208.1:8090/__cypress/runner/cypress_runner.js:1546:18)
      at Promise._settlePromise0 (http://172.30.208.1:8090/__cypress/runner/cypress_runner.js:1591:10)
      at Promise._settlePromises (http://172.30.208.1:8090/__cypress/runner/cypress_runner.js:1667:18)
      at _drainQueueStep (http://172.30.208.1:8090/__cypress/runner/cypress_runner.js:2377:12)
      at _drainQueue (http://172.30.208.1:8090/__cypress/runner/cypress_runner.js:2370:9)
      at Async._drainQueues (http://172.30.208.1:8090/__cypress/runner/cypress_runner.js:2386:5)
      at Async.drainQueues (http://172.30.208.1:8090/__cypress/runner/cypress_runner.js:2256:14)

  12) Navigation / routing variants
       Opening from the tools launcher
         a FORM tile routes through tools.php (URL gets ?form=, chrome present):
     CypressError: `cy.visit()` failed trying to load:

http://172.30.208.1:8090/cma/tools

The response we received from your web server was:

  > 403: Forbidden

This was considered a failure because the status code was not `2xx`.

This http request was redirected '1' time to:

  - 301: http://172.30.208.1:8090/cma/tools/

If you do not want status codes to cause failures pass the option: `failOnStatusCode: false`
      at <unknown> (http://172.30.208.1:8090/__cypress/runner/cypress_runner.js:136196:76)
      at visitFailedByErr (http://172.30.208.1:8090/__cypress/runner/cypress_runner.js:135786:12)
      at <unknown> (http://172.30.208.1:8090/__cypress/runner/cypress_runner.js:136179:13)
      at tryCatcher (http://172.30.208.1:8090/__cypress/runner/cypress_runner.js:1777:23)
      at Promise._settlePromiseFromHandler (http://172.30.208.1:8090/__cypress/runner/cypress_runner.js:1489:31)
      at Promise._settlePromise (http://172.30.208.1:8090/__cypress/runner/cypress_runner.js:1546:18)
      at Promise._settlePromise0 (http://172.30.208.1:8090/__cypress/runner/cypress_runner.js:1591:10)
      at Promise._settlePromises (http://172.30.208.1:8090/__cypress/runner/cypress_runner.js:1667:18)
      at _drainQueueStep (http://172.30.208.1:8090/__cypress/runner/cypress_runner.js:2377:12)
      at _drainQueue (http://172.30.208.1:8090/__cypress/runner/cypress_runner.js:2370:9)
      at Async._drainQueues (http://172.30.208.1:8090/__cypress/runner/cypress_runner.js:2386:5)
      at Async.drainQueues (http://172.30.208.1:8090/__cypress/runner/cypress_runner.js:2256:14)

  13) Navigation / routing variants
       Opening from the tools launcher
         a TOOL tile routes to /cma/tools?tool=:
     CypressError: `cy.visit()` failed trying to load:

http://172.30.208.1:8090/cma/tools

The response we received from your web server was:

  > 403: Forbidden

This was considered a failure because the status code was not `2xx`.

This http request was redirected '1' time to:

  - 301: http://172.30.208.1:8090/cma/tools/

If you do not want status codes to cause failures pass the option: `failOnStatusCode: false`
      at <unknown> (http://172.30.208.1:8090/__cypress/runner/cypress_runner.js:136196:76)
      at visitFailedByErr (http://172.30.208.1:8090/__cypress/runner/cypress_runner.js:135786:12)
      at <unknown> (http://172.30.208.1:8090/__cypress/runner/cypress_runner.js:136179:13)
      at tryCatcher (http://172.30.208.1:8090/__cypress/runner/cypress_runner.js:1777:23)
      at Promise._settlePromiseFromHandler (http://172.30.208.1:8090/__cypress/runner/cypress_runner.js:1489:31)
      at Promise._settlePromise (http://172.30.208.1:8090/__cypress/runner/cypress_runner.js:1546:18)
      at Promise._settlePromise0 (http://172.30.208.1:8090/__cypress/runner/cypress_runner.js:1591:10)
      at Promise._settlePromises (http://172.30.208.1:8090/__cypress/runner/cypress_runner.js:1667:18)
      at _drainQueueStep (http://172.30.208.1:8090/__cypress/runner/cypress_runner.js:2377:12)
      at _drainQueue (http://172.30.208.1:8090/__cypress/runner/cypress_runner.js:2370:9)
      at Async._drainQueues (http://172.30.208.1:8090/__cypress/runner/cypress_runner.js:2386:5)
      at Async.drainQueues (http://172.30.208.1:8090/__cypress/runner/cypress_runner.js:2256:14)

  14) Navigation / routing variants
       Opening from the tools launcher
         clicking the Menu button re-opens (toggle) the launcher:
     CypressError: `cy.visit()` failed trying to load:

http://172.30.208.1:8090/cma/tools?tool=serverinfo

The response we received from your web server was:

  > 403: Forbidden

This was considered a failure because the status code was not `2xx`.

This http request was redirected '1' time to:

  - 301: http://172.30.208.1:8090/cma/tools/?tool=serverinfo

If you do not want status codes to cause failures pass the option: `failOnStatusCode: false`
      at <unknown> (http://172.30.208.1:8090/__cypress/runner/cypress_runner.js:136196:76)
      at visitFailedByErr (http://172.30.208.1:8090/__cypress/runner/cypress_runner.js:135786:12)
      at <unknown> (http://172.30.208.1:8090/__cypress/runner/cypress_runner.js:136179:13)
      at tryCatcher (http://172.30.208.1:8090/__cypress/runner/cypress_runner.js:1777:23)
      at Promise._settlePromiseFromHandler (http://172.30.208.1:8090/__cypress/runner/cypress_runner.js:1489:31)
      at Promise._settlePromise (http://172.30.208.1:8090/__cypress/runner/cypress_runner.js:1546:18)
      at Promise._settlePromise0 (http://172.30.208.1:8090/__cypress/runner/cypress_runner.js:1591:10)
      at Promise._settlePromises (http://172.30.208.1:8090/__cypress/runner/cypress_runner.js:1667:18)
      at _drainQueueStep (http://172.30.208.1:8090/__cypress/runner/cypress_runner.js:2377:12)
      at _drainQueue (http://172.30.208.1:8090/__cypress/runner/cypress_runner.js:2370:9)
      at Async._drainQueues (http://172.30.208.1:8090/__cypress/runner/cypress_runner.js:2386:5)
      at Async.drainQueues (http://172.30.208.1:8090/__cypress/runner/cypress_runner.js:2256:14)

  15) Navigation / routing variants
       Forms are callable both ways
         groups: canonical route AND tools-page route both render it:
     CypressError: `cy.visit()` failed trying to load:

http://172.30.208.1:8090/cma/form/groups

The response we received from your web server was:

  > 404: Not Found

This was considered a failure because the status code was not `2xx`.

If you do not want status codes to cause failures pass the option: `failOnStatusCode: false`
      at <unknown> (http://172.30.208.1:8090/__cypress/runner/cypress_runner.js:136196:76)
      at visitFailedByErr (http://172.30.208.1:8090/__cypress/runner/cypress_runner.js:135786:12)
      at <unknown> (http://172.30.208.1:8090/__cypress/runner/cypress_runner.js:136179:13)
      at tryCatcher (http://172.30.208.1:8090/__cypress/runner/cypress_runner.js:1777:23)
      at Promise._settlePromiseFromHandler (http://172.30.208.1:8090/__cypress/runner/cypress_runner.js:1489:31)
      at Promise._settlePromise (http://172.30.208.1:8090/__cypress/runner/cypress_runner.js:1546:18)
      at Promise._settlePromise0 (http://172.30.208.1:8090/__cypress/runner/cypress_runner.js:1591:10)
      at Promise._settlePromises (http://172.30.208.1:8090/__cypress/runner/cypress_runner.js:1667:18)
      at _drainQueueStep (http://172.30.208.1:8090/__cypress/runner/cypress_runner.js:2377:12)
      at _drainQueue (http://172.30.208.1:8090/__cypress/runner/cypress_runner.js:2370:9)
      at Async._drainQueues (http://172.30.208.1:8090/__cypress/runner/cypress_runner.js:2386:5)
      at Async.drainQueues (http://172.30.208.1:8090/__cypress/runner/cypress_runner.js:2256:14)

  16) Navigation / routing variants
       Forms are callable both ways
         users: canonical route AND tools-page route both render it:
     CypressError: `cy.visit()` failed trying to load:

http://172.30.208.1:8090/cma/form/users

The response we received from your web server was:

  > 404: Not Found

This was considered a failure because the status code was not `2xx`.

If you do not want status codes to cause failures pass the option: `failOnStatusCode: false`
      at <unknown> (http://172.30.208.1:8090/__cypress/runner/cypress_runner.js:136196:76)
      at visitFailedByErr (http://172.30.208.1:8090/__cypress/runner/cypress_runner.js:135786:12)
      at <unknown> (http://172.30.208.1:8090/__cypress/runner/cypress_runner.js:136179:13)
      at tryCatcher (http://172.30.208.1:8090/__cypress/runner/cypress_runner.js:1777:23)
      at Promise._settlePromiseFromHandler (http://172.30.208.1:8090/__cypress/runner/cypress_runner.js:1489:31)
      at Promise._settlePromise (http://172.30.208.1:8090/__cypress/runner/cypress_runner.js:1546:18)
      at Promise._settlePromise0 (http://172.30.208.1:8090/__cypress/runner/cypress_runner.js:1591:10)
      at Promise._settlePromises (http://172.30.208.1:8090/__cypress/runner/cypress_runner.js:1667:18)
      at _drainQueueStep (http://172.30.208.1:8090/__cypress/runner/cypress_runner.js:2377:12)
      at _drainQueue (http://172.30.208.1:8090/__cypress/runner/cypress_runner.js:2370:9)
      at Async._drainQueues (http://172.30.208.1:8090/__cypress/runner/cypress_runner.js:2386:5)
      at Async.drainQueues (http://172.30.208.1:8090/__cypress/runner/cypress_runner.js:2256:14)

  17) Navigation / routing variants
       Forms are callable both ways
         marketingurl: canonical route AND tools-page route both render it:
     CypressError: `cy.visit()` failed trying to load:

http://172.30.208.1:8090/cma/form/marketingurl

The response we received from your web server was:

  > 404: Not Found

This was considered a failure because the status code was not `2xx`.

If you do not want status codes to cause failures pass the option: `failOnStatusCode: false`
      at <unknown> (http://172.30.208.1:8090/__cypress/runner/cypress_runner.js:136196:76)
      at visitFailedByErr (http://172.30.208.1:8090/__cypress/runner/cypress_runner.js:135786:12)
      at <unknown> (http://172.30.208.1:8090/__cypress/runner/cypress_runner.js:136179:13)
      at tryCatcher (http://172.30.208.1:8090/__cypress/runner/cypress_runner.js:1777:23)
      at Promise._settlePromiseFromHandler (http://172.30.208.1:8090/__cypress/runner/cypress_runner.js:1489:31)
      at Promise._settlePromise (http://172.30.208.1:8090/__cypress/runner/cypress_runner.js:1546:18)
      at Promise._settlePromise0 (http://172.30.208.1:8090/__cypress/runner/cypress_runner.js:1591:10)
      at Promise._settlePromises (http://172.30.208.1:8090/__cypress/runner/cypress_runner.js:1667:18)
      at _drainQueueStep (http://172.30.208.1:8090/__cypress/runner/cypress_runner.js:2377:12)
      at _drainQueue (http://172.30.208.1:8090/__cypress/runner/cypress_runner.js:2370:9)
      at Async._drainQueues (http://172.30.208.1:8090/__cypress/runner/cypress_runner.js:2386:5)
      at Async.drainQueues (http://172.30.208.1:8090/__cypress/runner/cypress_runner.js:2256:14)

  18) Navigation / routing variants
       Forms are callable both ways
         emaillog: canonical route AND tools-page route both render it:
     CypressError: `cy.visit()` failed trying to load:

http://172.30.208.1:8090/cma/form/emaillog

The response we received from your web server was:

  > 404: Not Found

This was considered a failure because the status code was not `2xx`.

If you do not want status codes to cause failures pass the option: `failOnStatusCode: false`
      at <unknown> (http://172.30.208.1:8090/__cypress/runner/cypress_runner.js:136196:76)
      at visitFailedByErr (http://172.30.208.1:8090/__cypress/runner/cypress_runner.js:135786:12)
      at <unknown> (http://172.30.208.1:8090/__cypress/runner/cypress_runner.js:136179:13)
      at tryCatcher (http://172.30.208.1:8090/__cypress/runner/cypress_runner.js:1777:23)
      at Promise._settlePromiseFromHandler (http://172.30.208.1:8090/__cypress/runner/cypress_runner.js:1489:31)
      at Promise._settlePromise (http://172.30.208.1:8090/__cypress/runner/cypress_runner.js:1546:18)
      at Promise._settlePromise0 (http://172.30.208.1:8090/__cypress/runner/cypress_runner.js:1591:10)
      at Promise._settlePromises (http://172.30.208.1:8090/__cypress/runner/cypress_runner.js:1667:18)
      at _drainQueueStep (http://172.30.208.1:8090/__cypress/runner/cypress_runner.js:2377:12)
      at _drainQueue (http://172.30.208.1:8090/__cypress/runner/cypress_runner.js:2370:9)
      at Async._drainQueues (http://172.30.208.1:8090/__cypress/runner/cypress_runner.js:2386:5)
      at Async.drainQueues (http://172.30.208.1:8090/__cypress/runner/cypress_runner.js:2256:14)

  19) Navigation / routing variants
       Opening a record updates the URL
         groups: selecting a row puts the record id in the /cma/form/groups/<id> URL:
     CypressError: `cy.visit()` failed trying to load:

http://172.30.208.1:8090/cma/form/groups

The response we received from your web server was:

  > 404: Not Found

This was considered a failure because the status code was not `2xx`.

If you do not want status codes to cause failures pass the option: `failOnStatusCode: false`
      at <unknown> (http://172.30.208.1:8090/__cypress/runner/cypress_runner.js:136196:76)
      at visitFailedByErr (http://172.30.208.1:8090/__cypress/runner/cypress_runner.js:135786:12)
      at <unknown> (http://172.30.208.1:8090/__cypress/runner/cypress_runner.js:136179:13)
      at tryCatcher (http://172.30.208.1:8090/__cypress/runner/cypress_runner.js:1777:23)
      at Promise._settlePromiseFromHandler (http://172.30.208.1:8090/__cypress/runner/cypress_runner.js:1489:31)
      at Promise._settlePromise (http://172.30.208.1:8090/__cypress/runner/cypress_runner.js:1546:18)
      at Promise._settlePromise0 (http://172.30.208.1:8090/__cypress/runner/cypress_runner.js:1591:10)
      at Promise._settlePromises (http://172.30.208.1:8090/__cypress/runner/cypress_runner.js:1667:18)
      at _drainQueueStep (http://172.30.208.1:8090/__cypress/runner/cypress_runner.js:2377:12)
      at _drainQueue (http://172.30.208.1:8090/__cypress/runner/cypress_runner.js:2370:9)
      at Async._drainQueues (http://172.30.208.1:8090/__cypress/runner/cypress_runner.js:2386:5)
      at Async.drainQueues (http://172.30.208.1:8090/__cypress/runner/cypress_runner.js:2256:14)

  20) Navigation / routing variants
       General left menu pane stays present and visible
         canonical form route keeps the left menu:
     CypressError: `cy.visit()` failed trying to load:

http://172.30.208.1:8090/cma/form/groups

The response we received from your web server was:

  > 404: Not Found

This was considered a failure because the status code was not `2xx`.

If you do not want status codes to cause failures pass the option: `failOnStatusCode: false`
      at <unknown> (http://172.30.208.1:8090/__cypress/runner/cypress_runner.js:136196:76)
      at visitFailedByErr (http://172.30.208.1:8090/__cypress/runner/cypress_runner.js:135786:12)
      at <unknown> (http://172.30.208.1:8090/__cypress/runner/cypress_runner.js:136179:13)
      at tryCatcher (http://172.30.208.1:8090/__cypress/runner/cypress_runner.js:1777:23)
      at Promise._settlePromiseFromHandler (http://172.30.208.1:8090/__cypress/runner/cypress_runner.js:1489:31)
      at Promise._settlePromise (http://172.30.208.1:8090/__cypress/runner/cypress_runner.js:1546:18)
      at Promise._settlePromise0 (http://172.30.208.1:8090/__cypress/runner/cypress_runner.js:1591:10)
      at Promise._settlePromises (http://172.30.208.1:8090/__cypress/runner/cypress_runner.js:1667:18)
      at _drainQueueStep (http://172.30.208.1:8090/__cypress/runner/cypress_runner.js:2377:12)
      at _drainQueue (http://172.30.208.1:8090/__cypress/runner/cypress_runner.js:2370:9)
      at Async._drainQueues (http://172.30.208.1:8090/__cypress/runner/cypress_runner.js:2386:5)
      at Async.drainQueues (http://172.30.208.1:8090/__cypress/runner/cypress_runner.js:2256:14)

  21) Navigation / routing variants
       General left menu pane stays present and visible
         form via tools page keeps the left menu:
     CypressError: `cy.visit()` failed trying to load:

http://172.30.208.1:8090/cma/tools?form=groups

The response we received from your web server was:

  > 403: Forbidden

This was considered a failure because the status code was not `2xx`.

This http request was redirected '1' time to:

  - 301: http://172.30.208.1:8090/cma/tools/?form=groups

If you do not want status codes to cause failures pass the option: `failOnStatusCode: false`
      at <unknown> (http://172.30.208.1:8090/__cypress/runner/cypress_runner.js:136196:76)
      at visitFailedByErr (http://172.30.208.1:8090/__cypress/runner/cypress_runner.js:135786:12)
      at <unknown> (http://172.30.208.1:8090/__cypress/runner/cypress_runner.js:136179:13)
      at tryCatcher (http://172.30.208.1:8090/__cypress/runner/cypress_runner.js:1777:23)
      at Promise._settlePromiseFromHandler (http://172.30.208.1:8090/__cypress/runner/cypress_runner.js:1489:31)
      at Promise._settlePromise (http://172.30.208.1:8090/__cypress/runner/cypress_runner.js:1546:18)
      at Promise._settlePromise0 (http://172.30.208.1:8090/__cypress/runner/cypress_runner.js:1591:10)
      at Promise._settlePromises (http://172.30.208.1:8090/__cypress/runner/cypress_runner.js:1667:18)
      at _drainQueueStep (http://172.30.208.1:8090/__cypress/runner/cypress_runner.js:2377:12)
      at _drainQueue (http://172.30.208.1:8090/__cypress/runner/cypress_runner.js:2370:9)
      at Async._drainQueues (http://172.30.208.1:8090/__cypress/runner/cypress_runner.js:2386:5)
      at Async.drainQueues (http://172.30.208.1:8090/__cypress/runner/cypress_runner.js:2256:14)

  22) Navigation / routing variants
       General left menu pane stays present and visible
         tool via tools page keeps the left menu:
     CypressError: `cy.visit()` failed trying to load:

http://172.30.208.1:8090/cma/tools?tool=serverinfo

The response we received from your web server was:

  > 403: Forbidden

This was considered a failure because the status code was not `2xx`.

This http request was redirected '1' time to:

  - 301: http://172.30.208.1:8090/cma/tools/?tool=serverinfo

If you do not want status codes to cause failures pass the option: `failOnStatusCode: false`
      at <unknown> (http://172.30.208.1:8090/__cypress/runner/cypress_runner.js:136196:76)
      at visitFailedByErr (http://172.30.208.1:8090/__cypress/runner/cypress_runner.js:135786:12)
      at <unknown> (http://172.30.208.1:8090/__cypress/runner/cypress_runner.js:136179:13)
      at tryCatcher (http://172.30.208.1:8090/__cypress/runner/cypress_runner.js:1777:23)
      at Promise._settlePromiseFromHandler (http://172.30.208.1:8090/__cypress/runner/cypress_runner.js:1489:31)
      at Promise._settlePromise (http://172.30.208.1:8090/__cypress/runner/cypress_runner.js:1546:18)
      at Promise._settlePromise0 (http://172.30.208.1:8090/__cypress/runner/cypress_runner.js:1591:10)
      at Promise._settlePromises (http://172.30.208.1:8090/__cypress/runner/cypress_runner.js:1667:18)
      at _drainQueueStep (http://172.30.208.1:8090/__cypress/runner/cypress_runner.js:2377:12)
      at _drainQueue (http://172.30.208.1:8090/__cypress/runner/cypress_runner.js:2370:9)
      at Async._drainQueues (http://172.30.208.1:8090/__cypress/runner/cypress_runner.js:2386:5)
      at Async.drainQueues (http://172.30.208.1:8090/__cypress/runner/cypress_runner.js:2256:14)

  23) Navigation / routing variants
       General left menu pane stays present and visible
         form opened from the launcher keeps the left menu:
     CypressError: `cy.visit()` failed trying to load:

http://172.30.208.1:8090/cma/tools

The response we received from your web server was:

  > 403: Forbidden

This was considered a failure because the status code was not `2xx`.

This http request was redirected '1' time to:

  - 301: http://172.30.208.1:8090/cma/tools/

If you do not want status codes to cause failures pass the option: `failOnStatusCode: false`
      at <unknown> (http://172.30.208.1:8090/__cypress/runner/cypress_runner.js:136196:76)
      at visitFailedByErr (http://172.30.208.1:8090/__cypress/runner/cypress_runner.js:135786:12)
      at <unknown> (http://172.30.208.1:8090/__cypress/runner/cypress_runner.js:136179:13)
      at tryCatcher (http://172.30.208.1:8090/__cypress/runner/cypress_runner.js:1777:23)
      at Promise._settlePromiseFromHandler (http://172.30.208.1:8090/__cypress/runner/cypress_runner.js:1489:31)
      at Promise._settlePromise (http://172.30.208.1:8090/__cypress/runner/cypress_runner.js:1546:18)
      at Promise._settlePromise0 (http://172.30.208.1:8090/__cypress/runner/cypress_runner.js:1591:10)
      at Promise._settlePromises (http://172.30.208.1:8090/__cypress/runner/cypress_runner.js:1667:18)
      at _drainQueueStep (http://172.30.208.1:8090/__cypress/runner/cypress_runner.js:2377:12)
      at _drainQueue (http://172.30.208.1:8090/__cypress/runner/cypress_runner.js:2370:9)
      at Async._drainQueues (http://172.30.208.1:8090/__cypress/runner/cypress_runner.js:2386:5)
      at Async.drainQueues (http://172.30.208.1:8090/__cypress/runner/cypress_runner.js:2256:14)




  (Results)

  ┌────────────────────────────────────────────────────────────────────────────────────────────────┐
  │ Tests:        24                                                                               │
  │ Passing:      0                                                                                │
  │ Failing:      23                                                                               │
  │ Pending:      1                                                                                │
  │ Skipped:      0                                                                                │
  │ Screenshots:  69                                                                               │
  │ Video:        false                                                                            │
  │ Duration:     43 seconds                                                                       │
  │ Spec Ran:     navigation/routing-variants.cy.js                                                │
  └────────────────────────────────────────────────────────────────────────────────────────────────┘


  (Screenshots)

  -  /mnt/c/repos/cma_platform/cma/cypress/screenshots/navigation/routing-variants.cy     (1280x720)
     .js/Navigation  routing variants -- Canonical form route (cmaformform) -- opens                
     groups in the main shell with a clean cmaformgroups URL (failed).png                           
  -  /mnt/c/repos/cma_platform/cma/cypress/screenshots/navigation/routing-variants.cy     (1280x720)
     .js/Navigation  routing variants -- Canonical form route (cmaformform) -- opens                
     groups in the main shell with a clean cmaformgroups URL (failed) (attempt 2).png               
  -  /mnt/c/repos/cma_platform/cma/cypress/screenshots/navigation/routing-variants.cy     (1280x720)
     .js/Navigation  routing variants -- Canonical form route (cmaformform) -- opens                
     groups in the main shell with a clean cmaformgroups URL (failed) (attempt 3).png               
  -  /mnt/c/repos/cma_platform/cma/cypress/screenshots/navigation/routing-variants.cy     (1280x720)
     .js/Navigation  routing variants -- Canonical form route (cmaformform) -- opens                
     users in the main shell with a clean cmaformusers URL (failed).png                             
  -  /mnt/c/repos/cma_platform/cma/cypress/screenshots/navigation/routing-variants.cy     (1280x720)
     .js/Navigation  routing variants -- Canonical form route (cmaformform) -- opens                
     users in the main shell with a clean cmaformusers URL (failed) (attempt 2).png                 
  -  /mnt/c/repos/cma_platform/cma/cypress/screenshots/navigation/routing-variants.cy     (1280x720)
     .js/Navigation  routing variants -- Canonical form route (cmaformform) -- opens                
     users in the main shell with a clean cmaformusers URL (failed) (attempt 3).png                 
  -  /mnt/c/repos/cma_platform/cma/cypress/screenshots/navigation/routing-variants.cy     (1280x720)
     .js/Navigation  routing variants -- Canonical form route (cmaformform) -- opens                
     marketingurl in the main shell with a clean cmaformmarketingurl URL (failed).png               
  -  /mnt/c/repos/cma_platform/cma/cypress/screenshots/navigation/routing-variants.cy     (1280x720)
     .js/Navigation  routing variants -- Canonical form route (cmaformform) -- opens                
     marketingurl in the main shell with a clean cmaformmarketingurl URL (failed) (at               
     tempt 2).png                                                                                   
  -  /mnt/c/repos/cma_platform/cma/cypress/screenshots/navigation/routing-variants.cy     (1280x720)
     .js/Navigation  routing variants -- Canonical form route (cmaformform) -- opens                
     marketingurl in the main shell with a clean cmaformmarketingurl URL (failed) (at               
     tempt 3).png                                                                                   
  -  /mnt/c/repos/cma_platform/cma/cypress/screenshots/navigation/routing-variants.cy     (1280x720)
     .js/Navigation  routing variants -- Canonical form route (cmaformform) -- opens                
     emaillog in the main shell with a clean cmaformemaillog URL (failed).png                       
  -  /mnt/c/repos/cma_platform/cma/cypress/screenshots/navigation/routing-variants.cy     (1280x720)
     .js/Navigation  routing variants -- Canonical form route (cmaformform) -- opens                
     emaillog in the main shell with a clean cmaformemaillog URL (failed) (attempt 2)               
     .png                                                                                           
  -  /mnt/c/repos/cma_platform/cma/cypress/screenshots/navigation/routing-variants.cy     (1280x720)
     .js/Navigation  routing variants -- Canonical form route (cmaformform) -- opens                
     emaillog in the main shell with a clean cmaformemaillog URL (failed) (attempt 3)               
     .png                                                                                           
  -  /mnt/c/repos/cma_platform/cma/cypress/screenshots/navigation/routing-variants.cy     (1280x720)
     .js/Navigation  routing variants -- Form via tools page (cmatoolsform=form) -- o               
     pens groups inside the tools chrome (Menu button present) (failed).png                         
  -  /mnt/c/repos/cma_platform/cma/cypress/screenshots/navigation/routing-variants.cy     (1280x720)
     .js/Navigation  routing variants -- Form via tools page (cmatoolsform=form) -- o               
     pens groups inside the tools chrome (Menu button present) (failed) (attempt 2).p               
     ng                                                                                             
  -  /mnt/c/repos/cma_platform/cma/cypress/screenshots/navigation/routing-variants.cy     (1280x720)
     .js/Navigation  routing variants -- Form via tools page (cmatoolsform=form) -- o               
     pens groups inside the tools chrome (Menu button present) (failed) (attempt 3).p               
     ng                                                                                             
  -  /mnt/c/repos/cma_platform/cma/cypress/screenshots/navigation/routing-variants.cy     (1280x720)
     .js/Navigation  routing variants -- Form via tools page (cmatoolsform=form) -- o               
     pens users inside the tools chrome (Menu button present) (failed).png                          
  -  /mnt/c/repos/cma_platform/cma/cypress/screenshots/navigation/routing-variants.cy     (1280x720)
     .js/Navigation  routing variants -- Form via tools page (cmatoolsform=form) -- o               
     pens users inside the tools chrome (Menu button present) (failed) (attempt 2).pn               
     g                                                                                              
  -  /mnt/c/repos/cma_platform/cma/cypress/screenshots/navigation/routing-variants.cy     (1280x720)
     .js/Navigation  routing variants -- Form via tools page (cmatoolsform=form) -- o               
     pens users inside the tools chrome (Menu button present) (failed) (attempt 3).pn               
     g                                                                                              
  -  /mnt/c/repos/cma_platform/cma/cypress/screenshots/navigation/routing-variants.cy     (1280x720)
     .js/Navigation  routing variants -- Form via tools page (cmatoolsform=form) -- o               
     pens marketingurl inside the tools chrome (Menu button present) (failed).png                   
  -  /mnt/c/repos/cma_platform/cma/cypress/screenshots/navigation/routing-variants.cy     (1280x720)
     .js/Navigation  routing variants -- Form via tools page (cmatoolsform=form) -- o               
     pens marketingurl inside the tools chrome (Menu button present) (failed) (attemp               
     t 2).png                                                                                       
  -  /mnt/c/repos/cma_platform/cma/cypress/screenshots/navigation/routing-variants.cy     (1280x720)
     .js/Navigation  routing variants -- Form via tools page (cmatoolsform=form) -- o               
     pens marketingurl inside the tools chrome (Menu button present) (failed) (attemp               
     t 3).png                                                                                       
  -  /mnt/c/repos/cma_platform/cma/cypress/screenshots/navigation/routing-variants.cy     (1280x720)
     .js/Navigation  routing variants -- Form via tools page (cmatoolsform=form) -- o               
     pens emaillog inside the tools chrome (Menu button present) (failed).png                       
  -  /mnt/c/repos/cma_platform/cma/cypress/screenshots/navigation/routing-variants.cy     (1280x720)
     .js/Navigation  routing variants -- Form via tools page (cmatoolsform=form) -- o               
     pens emaillog inside the tools chrome (Menu button present) (failed) (attempt 2)               
     .png                                                                                           
  -  /mnt/c/repos/cma_platform/cma/cypress/screenshots/navigation/routing-variants.cy     (1280x720)
     .js/Navigation  routing variants -- Form via tools page (cmatoolsform=form) -- o               
     pens emaillog inside the tools chrome (Menu button present) (failed) (attempt 3)               
     .png                                                                                           
  -  /mnt/c/repos/cma_platform/cma/cypress/screenshots/navigation/routing-variants.cy     (1280x720)
     .js/Navigation  routing variants -- Tool via tools page (cmatoolstool=tool) -- o               
     pens serverinfo inside the tools chrome (failed).png                                           
  -  /mnt/c/repos/cma_platform/cma/cypress/screenshots/navigation/routing-variants.cy     (1280x720)
     .js/Navigation  routing variants -- Tool via tools page (cmatoolstool=tool) -- o               
     pens serverinfo inside the tools chrome (failed) (attempt 2).png                               
  -  /mnt/c/repos/cma_platform/cma/cypress/screenshots/navigation/routing-variants.cy     (1280x720)
     .js/Navigation  routing variants -- Tool via tools page (cmatoolstool=tool) -- o               
     pens serverinfo inside the tools chrome (failed) (attempt 3).png                               
  -  /mnt/c/repos/cma_platform/cma/cypress/screenshots/navigation/routing-variants.cy     (1280x720)
     .js/Navigation  routing variants -- Tool via tools page (cmatoolstool=tool) -- o               
     pens clearcache inside the tools chrome (failed).png                                           
  -  /mnt/c/repos/cma_platform/cma/cypress/screenshots/navigation/routing-variants.cy     (1280x720)
     .js/Navigation  routing variants -- Tool via tools page (cmatoolstool=tool) -- o               
     pens clearcache inside the tools chrome (failed) (attempt 2).png                               
  -  /mnt/c/repos/cma_platform/cma/cypress/screenshots/navigation/routing-variants.cy     (1280x720)
     .js/Navigation  routing variants -- Tool via tools page (cmatoolstool=tool) -- o               
     pens clearcache inside the tools chrome (failed) (attempt 3).png                               
  -  /mnt/c/repos/cma_platform/cma/cypress/screenshots/navigation/routing-variants.cy     (1280x720)
     .js/Navigation  routing variants -- Opening from the tools launcher -- quick-fin               
     d filters the item list (regression guard) (failed).png                                        
  -  /mnt/c/repos/cma_platform/cma/cypress/screenshots/navigation/routing-variants.cy     (1280x720)
     .js/Navigation  routing variants -- Opening from the tools launcher -- quick-fin               
     d filters the item list (regression guard) (failed) (attempt 2).png                            
  -  /mnt/c/repos/cma_platform/cma/cypress/screenshots/navigation/routing-variants.cy     (1280x720)
     .js/Navigation  routing variants -- Opening from the tools launcher -- quick-fin               
     d filters the item list (regression guard) (failed) (attempt 3).png                            
  -  /mnt/c/repos/cma_platform/cma/cypress/screenshots/navigation/routing-variants.cy     (1280x720)
     .js/Navigation  routing variants -- Opening from the tools launcher -- a FORM ti               
     le routes through tools.php (URL gets form=, chrome present) (failed).png                      
  -  /mnt/c/repos/cma_platform/cma/cypress/screenshots/navigation/routing-variants.cy     (1280x720)
     .js/Navigation  routing variants -- Opening from the tools launcher -- a FORM ti               
     le routes through tools.php (URL gets form=, chrome present) (failed) (attempt 2               
     ).png                                                                                          
  -  /mnt/c/repos/cma_platform/cma/cypress/screenshots/navigation/routing-variants.cy     (1280x720)
     .js/Navigation  routing variants -- Opening from the tools launcher -- a FORM ti               
     le routes through tools.php (URL gets form=, chrome present) (failed) (attempt 3               
     ).png                                                                                          
  -  /mnt/c/repos/cma_platform/cma/cypress/screenshots/navigation/routing-variants.cy     (1280x720)
     .js/Navigation  routing variants -- Opening from the tools launcher -- a TOOL ti               
     le routes to cmatoolstool= (failed).png                                                        
  -  /mnt/c/repos/cma_platform/cma/cypress/screenshots/navigation/routing-variants.cy     (1280x720)
     .js/Navigation  routing variants -- Opening from the tools launcher -- a TOOL ti               
     le routes to cmatoolstool= (failed) (attempt 2).png                                            
  -  /mnt/c/repos/cma_platform/cma/cypress/screenshots/navigation/routing-variants.cy     (1280x720)
     .js/Navigation  routing variants -- Opening from the tools launcher -- a TOOL ti               
     le routes to cmatoolstool= (failed) (attempt 3).png                                            
  -  /mnt/c/repos/cma_platform/cma/cypress/screenshots/navigation/routing-variants.cy     (1280x720)
     .js/Navigation  routing variants -- Opening from the tools launcher -- clicking                
     the Menu button re-opens (toggle) the launcher (failed).png                                    
  -  /mnt/c/repos/cma_platform/cma/cypress/screenshots/navigation/routing-variants.cy     (1280x720)
     .js/Navigation  routing variants -- Opening from the tools launcher -- clicking                
     the Menu button re-opens (toggle) the launcher (failed) (attempt 2).png                        
  -  /mnt/c/repos/cma_platform/cma/cypress/screenshots/navigation/routing-variants.cy     (1280x720)
     .js/Navigation  routing variants -- Opening from the tools launcher -- clicking                
     the Menu button re-opens (toggle) the launcher (failed) (attempt 3).png                        
  -  /mnt/c/repos/cma_platform/cma/cypress/screenshots/navigation/routing-variants.cy     (1280x720)
     .js/Navigation  routing variants -- Forms are callable both ways -- groups canon               
     ical route AND tools-page route both render it (failed).png                                    
  -  /mnt/c/repos/cma_platform/cma/cypress/screenshots/navigation/routing-variants.cy     (1280x720)
     .js/Navigation  routing variants -- Forms are callable both ways -- groups canon               
     ical route AND tools-page route both render it (failed) (attempt 2).png                        
  -  /mnt/c/repos/cma_platform/cma/cypress/screenshots/navigation/routing-variants.cy     (1280x720)
     .js/Navigation  routing variants -- Forms are callable both ways -- groups canon               
     ical route AND tools-page route both render it (failed) (attempt 3).png                        
  -  /mnt/c/repos/cma_platform/cma/cypress/screenshots/navigation/routing-variants.cy     (1280x720)
     .js/Navigation  routing variants -- Forms are callable both ways -- users canoni               
     cal route AND tools-page route both render it (failed).png                                     
  -  /mnt/c/repos/cma_platform/cma/cypress/screenshots/navigation/routing-variants.cy     (1280x720)
     .js/Navigation  routing variants -- Forms are callable both ways -- users canoni               
     cal route AND tools-page route both render it (failed) (attempt 2).png                         
  -  /mnt/c/repos/cma_platform/cma/cypress/screenshots/navigation/routing-variants.cy     (1280x720)
     .js/Navigation  routing variants -- Forms are callable both ways -- users canoni               
     cal route AND tools-page route both render it (failed) (attempt 3).png                         
  -  /mnt/c/repos/cma_platform/cma/cypress/screenshots/navigation/routing-variants.cy     (1280x720)
     .js/Navigation  routing variants -- Forms are callable both ways -- marketingurl               
      canonical route AND tools-page route both render it (failed).png                              
  -  /mnt/c/repos/cma_platform/cma/cypress/screenshots/navigation/routing-variants.cy     (1280x720)
     .js/Navigation  routing variants -- Forms are callable both ways -- marketingurl               
      canonical route AND tools-page route both render it (failed) (attempt 2).png                  
  -  /mnt/c/repos/cma_platform/cma/cypress/screenshots/navigation/routing-variants.cy     (1280x720)
     .js/Navigation  routing variants -- Forms are callable both ways -- marketingurl               
      canonical route AND tools-page route both render it (failed) (attempt 3).png                  
  -  /mnt/c/repos/cma_platform/cma/cypress/screenshots/navigation/routing-variants.cy     (1280x720)
     .js/Navigation  routing variants -- Forms are callable both ways -- emaillog can               
     onical route AND tools-page route both render it (failed).png                                  
  -  /mnt/c/repos/cma_platform/cma/cypress/screenshots/navigation/routing-variants.cy     (1280x720)
     .js/Navigation  routing variants -- Forms are callable both ways -- emaillog can               
     onical route AND tools-page route both render it (failed) (attempt 2).png                      
  -  /mnt/c/repos/cma_platform/cma/cypress/screenshots/navigation/routing-variants.cy     (1280x720)
     .js/Navigation  routing variants -- Forms are callable both ways -- emaillog can               
     onical route AND tools-page route both render it (failed) (attempt 3).png                      
  -  /mnt/c/repos/cma_platform/cma/cypress/screenshots/navigation/routing-variants.cy     (1280x720)
     .js/Navigation  routing variants -- Opening a record updates the URL -- groups s               
     electing a row puts the record id in the cmaformgroupsid URL (failed).png                      
  -  /mnt/c/repos/cma_platform/cma/cypress/screenshots/navigation/routing-variants.cy     (1280x720)
     .js/Navigation  routing variants -- Opening a record updates the URL -- groups s               
     electing a row puts the record id in the cmaformgroupsid URL (failed) (attempt 2               
     ).png                                                                                          
  -  /mnt/c/repos/cma_platform/cma/cypress/screenshots/navigation/routing-variants.cy     (1280x720)
     .js/Navigation  routing variants -- Opening a record updates the URL -- groups s               
     electing a row puts the record id in the cmaformgroupsid URL (failed) (attempt 3               
     ).png                                                                                          
  -  /mnt/c/repos/cma_platform/cma/cypress/screenshots/navigation/routing-variants.cy     (1280x720)
     .js/Navigation  routing variants -- General left menu pane stays present and vis               
     ible -- canonical form route keeps the left menu (failed).png                                  
  -  /mnt/c/repos/cma_platform/cma/cypress/screenshots/navigation/routing-variants.cy     (1280x720)
     .js/Navigation  routing variants -- General left menu pane stays present and vis               
     ible -- canonical form route keeps the left menu (failed) (attempt 2).png                      
  -  /mnt/c/repos/cma_platform/cma/cypress/screenshots/navigation/routing-variants.cy     (1280x720)
     .js/Navigation  routing variants -- General left menu pane stays present and vis               
     ible -- canonical form route keeps the left menu (failed) (attempt 3).png                      
  -  /mnt/c/repos/cma_platform/cma/cypress/screenshots/navigation/routing-variants.cy     (1280x720)
     .js/Navigation  routing variants -- General left menu pane stays present and vis               
     ible -- form via tools page keeps the left menu (failed).png                                   
  -  /mnt/c/repos/cma_platform/cma/cypress/screenshots/navigation/routing-variants.cy     (1280x720)
     .js/Navigation  routing variants -- General left menu pane stays present and vis               
     ible -- form via tools page keeps the left menu (failed) (attempt 2).png                       
  -  /mnt/c/repos/cma_platform/cma/cypress/screenshots/navigation/routing-variants.cy     (1280x720)
     .js/Navigation  routing variants -- General left menu pane stays present and vis               
     ible -- form via tools page keeps the left menu (failed) (attempt 3).png                       
  -  /mnt/c/repos/cma_platform/cma/cypress/screenshots/navigation/routing-variants.cy     (1280x720)
     .js/Navigation  routing variants -- General left menu pane stays present and vis               
     ible -- tool via tools page keeps the left menu (failed).png                                   
  -  /mnt/c/repos/cma_platform/cma/cypress/screenshots/navigation/routing-variants.cy     (1280x720)
     .js/Navigation  routing variants -- General left menu pane stays present and vis               
     ible -- tool via tools page keeps the left menu (failed) (attempt 2).png                       
  -  /mnt/c/repos/cma_platform/cma/cypress/screenshots/navigation/routing-variants.cy     (1280x720)
     .js/Navigation  routing variants -- General left menu pane stays present and vis               
     ible -- tool via tools page keeps the left menu (failed) (attempt 3).png                       
  -  /mnt/c/repos/cma_platform/cma/cypress/screenshots/navigation/routing-variants.cy     (1280x720)
     .js/Navigation  routing variants -- General left menu pane stays present and vis               
     ible -- form opened from the launcher keeps the left menu (failed).png                         
  -  /mnt/c/repos/cma_platform/cma/cypress/screenshots/navigation/routing-variants.cy     (1280x720)
     .js/Navigation  routing variants -- General left menu pane stays present and vis               
     ible -- form opened from the launcher keeps the left menu (failed) (attempt 2).p               
     ng                                                                                             
  -  /mnt/c/repos/cma_platform/cma/cypress/screenshots/navigation/routing-variants.cy     (1280x720)
     .js/Navigation  routing variants -- General left menu pane stays present and vis               
     ible -- form opened from the launcher keeps the left menu (failed) (attempt 3).p               
     ng                                                                                             


────────────────────────────────────────────────────────────────────────────────────────────────────
                                                                                                    
  Running:  navigation/sidebar.cy.js                                                     (10 of 117)


  Sidebar
    Sidebar Display
      ✓ should display sidebar (2370ms)
      ✓ should have menu groups (299ms)
      ✓ should display user info in sidebar (292ms)
      ✓ should show logo or brand (282ms)
    Collapse/Expand
      ✓ should collapse sidebar on toggle click (451ms)
      ✓ should expand sidebar on toggle click (794ms)
      ✓ should remember collapsed state (1694ms)
      ✓ should expand content area when sidebar collapsed (486ms)
    Collapsed State Navigation
      ✓ should show popup on menu group hover (1199ms)
      ✓ should hide popup on mouse leave (1171ms)
      ✓ should navigate via popup menu item (1167ms)
    Responsive Behavior
      ✓ should collapse on small screens (317ms)
      ✓ should show hamburger menu on mobile (348ms)


  13 passing (12s)


  (Results)

  ┌────────────────────────────────────────────────────────────────────────────────────────────────┐
  │ Tests:        13                                                                               │
  │ Passing:      13                                                                               │
  │ Failing:      0                                                                                │
  │ Pending:      0                                                                                │
  │ Skipped:      0                                                                                │
  │ Screenshots:  0                                                                                │
  │ Video:        false                                                                            │
  │ Duration:     12 seconds                                                                       │
  │ Spec Ran:     navigation/sidebar.cy.js                                                         │
  └────────────────────────────────────────────────────────────────────────────────────────────────┘


────────────────────────────────────────────────────────────────────────────────────────────────────
                                                                                                    
  Running:  navigation/sidepanel-stacking.cy.js                                          (11 of 117)


  Sidepanel Stacking
    Single Sidepanel
      ✓ should open sidepanel with header-height offset (2624ms)
    Stacked Sidepanels
      ✓ should open second sidepanel with additional toolbar-height offset (3514ms)
    CSS Variables
      ✓ should have --header-height defined (390ms)
      ✓ should have --toolbar-height defined (432ms)
    Sidepanel Maximize
      ✓ should have a maximize button in the header (542ms)
      (Attempt 1 of 3) should maximize sidepanel and switch icon to restore
      ✓ should maximize sidepanel and switch icon to restore (3017ms)
      ✓ should restore sidepanel when clicking restore button (3047ms)
    Sidepanel Close
      ✓ should close sidepanel when close button clicked (1939ms)
      (Attempt 1 of 3) should close sidepanel when backdrop clicked
      ✓ should close sidepanel when backdrop clicked (710ms)


  9 passing (49s)


  (Results)

  ┌────────────────────────────────────────────────────────────────────────────────────────────────┐
  │ Tests:        9                                                                                │
  │ Passing:      9                                                                                │
  │ Failing:      0                                                                                │
  │ Pending:      0                                                                                │
  │ Skipped:      0                                                                                │
  │ Screenshots:  2                                                                                │
  │ Video:        false                                                                            │
  │ Duration:     49 seconds                                                                       │
  │ Spec Ran:     navigation/sidepanel-stacking.cy.js                                              │
  └────────────────────────────────────────────────────────────────────────────────────────────────┘


  (Screenshots)

  -  /mnt/c/repos/cma_platform/cma/cypress/screenshots/navigation/sidepanel-stacking.     (1280x720)
     cy.js/Sidepanel Stacking -- Sidepanel Maximize -- should maximize sidepanel and                
     switch icon to restore (failed).png                                                            
  -  /mnt/c/repos/cma_platform/cma/cypress/screenshots/navigation/sidepanel-stacking.     (1280x720)
     cy.js/Sidepanel Stacking -- Sidepanel Close -- should close sidepanel when backd               
     rop clicked (failed).png                                                                       


────────────────────────────────────────────────────────────────────────────────────────────────────
                                                                                                    
  Running:  navigation/url-state.cy.js                                                   (12 of 117)


  URL State Persistence
    Inline Record URL Persistence
      ✓ should update URL when selecting a record in tree view (5002ms)
      ✓ should update URL when selecting a record in table view (3152ms)
      ✓ should clear record ID from URL when creating new record (2650ms)
    Direct URL Record Loading
      (Attempt 1 of 3) should load record in detail panel when visiting URL with record ID
      (Attempt 2 of 3) should load record in detail panel when visiting URL with record ID
      1) should load record in detail panel when visiting URL with record ID
      (Attempt 1 of 3) should return to list URL when navigating away from record
      (Attempt 2 of 3) should return to list URL when navigating away from record
      2) should return to list URL when navigating away from record
      (Attempt 1 of 3) should load new record form when URL is /new
      (Attempt 2 of 3) should load new record form when URL is /new
      3) should load new record form when URL is /new
    Direct URL Access
      (Attempt 1 of 3) should load record in detail panel when accessing URL with record ID
      (Attempt 2 of 3) should load record in detail panel when accessing URL with record ID
      4) should load record in detail panel when accessing URL with record ID
    Multi-level URL Persistence
      (Attempt 1 of 3) should track record ID in clean URL via direct navigation
      (Attempt 2 of 3) should track record ID in clean URL via direct navigation
      5) should track record ID in clean URL via direct navigation
      (Attempt 1 of 3) should return to list URL when navigating back from record
      (Attempt 2 of 3) should return to list URL when navigating back from record
      6) should return to list URL when navigating back from record


  3 passing (37s)
  6 failing

  1) URL State Persistence
       Direct URL Record Loading
         should load record in detail panel when visiting URL with record ID:
     CypressError: `cy.visit()` failed trying to load:

http://172.30.208.1:8090/cma/form/groups/0

The response we received from your web server was:

  > 404: Not Found

This was considered a failure because the status code was not `2xx`.

If you do not want status codes to cause failures pass the option: `failOnStatusCode: false`
      at <unknown> (http://172.30.208.1:8090/__cypress/runner/cypress_runner.js:136196:76)
      at visitFailedByErr (http://172.30.208.1:8090/__cypress/runner/cypress_runner.js:135786:12)
      at <unknown> (http://172.30.208.1:8090/__cypress/runner/cypress_runner.js:136179:13)
      at tryCatcher (http://172.30.208.1:8090/__cypress/runner/cypress_runner.js:1777:23)
      at Promise._settlePromiseFromHandler (http://172.30.208.1:8090/__cypress/runner/cypress_runner.js:1489:31)
      at Promise._settlePromise (http://172.30.208.1:8090/__cypress/runner/cypress_runner.js:1546:18)
      at Promise._settlePromise0 (http://172.30.208.1:8090/__cypress/runner/cypress_runner.js:1591:10)
      at Promise._settlePromises (http://172.30.208.1:8090/__cypress/runner/cypress_runner.js:1667:18)
      at _drainQueueStep (http://172.30.208.1:8090/__cypress/runner/cypress_runner.js:2377:12)
      at _drainQueue (http://172.30.208.1:8090/__cypress/runner/cypress_runner.js:2370:9)
      at Async._drainQueues (http://172.30.208.1:8090/__cypress/runner/cypress_runner.js:2386:5)
      at Async.drainQueues (http://172.30.208.1:8090/__cypress/runner/cypress_runner.js:2256:14)

  2) URL State Persistence
       Direct URL Record Loading
         should return to list URL when navigating away from record:
     CypressError: `cy.visit()` failed trying to load:

http://172.30.208.1:8090/cma/form/groups/0

The response we received from your web server was:

  > 404: Not Found

This was considered a failure because the status code was not `2xx`.

If you do not want status codes to cause failures pass the option: `failOnStatusCode: false`
      at <unknown> (http://172.30.208.1:8090/__cypress/runner/cypress_runner.js:136196:76)
      at visitFailedByErr (http://172.30.208.1:8090/__cypress/runner/cypress_runner.js:135786:12)
      at <unknown> (http://172.30.208.1:8090/__cypress/runner/cypress_runner.js:136179:13)
      at tryCatcher (http://172.30.208.1:8090/__cypress/runner/cypress_runner.js:1777:23)
      at Promise._settlePromiseFromHandler (http://172.30.208.1:8090/__cypress/runner/cypress_runner.js:1489:31)
      at Promise._settlePromise (http://172.30.208.1:8090/__cypress/runner/cypress_runner.js:1546:18)
      at Promise._settlePromise0 (http://172.30.208.1:8090/__cypress/runner/cypress_runner.js:1591:10)
      at Promise._settlePromises (http://172.30.208.1:8090/__cypress/runner/cypress_runner.js:1667:18)
      at _drainQueueStep (http://172.30.208.1:8090/__cypress/runner/cypress_runner.js:2377:12)
      at _drainQueue (http://172.30.208.1:8090/__cypress/runner/cypress_runner.js:2370:9)
      at Async._drainQueues (http://172.30.208.1:8090/__cypress/runner/cypress_runner.js:2386:5)
      at Async.drainQueues (http://172.30.208.1:8090/__cypress/runner/cypress_runner.js:2256:14)

  3) URL State Persistence
       Direct URL Record Loading
         should load new record form when URL is /new:
     CypressError: `cy.visit()` failed trying to load:

http://172.30.208.1:8090/cma/form/groups/new

The response we received from your web server was:

  > 404: Not Found

This was considered a failure because the status code was not `2xx`.

If you do not want status codes to cause failures pass the option: `failOnStatusCode: false`
      at <unknown> (http://172.30.208.1:8090/__cypress/runner/cypress_runner.js:136196:76)
      at visitFailedByErr (http://172.30.208.1:8090/__cypress/runner/cypress_runner.js:135786:12)
      at <unknown> (http://172.30.208.1:8090/__cypress/runner/cypress_runner.js:136179:13)
      at tryCatcher (http://172.30.208.1:8090/__cypress/runner/cypress_runner.js:1777:23)
      at Promise._settlePromiseFromHandler (http://172.30.208.1:8090/__cypress/runner/cypress_runner.js:1489:31)
      at Promise._settlePromise (http://172.30.208.1:8090/__cypress/runner/cypress_runner.js:1546:18)
      at Promise._settlePromise0 (http://172.30.208.1:8090/__cypress/runner/cypress_runner.js:1591:10)
      at Promise._settlePromises (http://172.30.208.1:8090/__cypress/runner/cypress_runner.js:1667:18)
      at _drainQueueStep (http://172.30.208.1:8090/__cypress/runner/cypress_runner.js:2377:12)
      at _drainQueue (http://172.30.208.1:8090/__cypress/runner/cypress_runner.js:2370:9)
      at Async._drainQueues (http://172.30.208.1:8090/__cypress/runner/cypress_runner.js:2386:5)
      at Async.drainQueues (http://172.30.208.1:8090/__cypress/runner/cypress_runner.js:2256:14)

  4) URL State Persistence
       Direct URL Access
         should load record in detail panel when accessing URL with record ID:
     CypressError: `cy.visit()` failed trying to load:

http://172.30.208.1:8090/cma/form/groups/0

The response we received from your web server was:

  > 404: Not Found

This was considered a failure because the status code was not `2xx`.

If you do not want status codes to cause failures pass the option: `failOnStatusCode: false`
      at <unknown> (http://172.30.208.1:8090/__cypress/runner/cypress_runner.js:136196:76)
      at visitFailedByErr (http://172.30.208.1:8090/__cypress/runner/cypress_runner.js:135786:12)
      at <unknown> (http://172.30.208.1:8090/__cypress/runner/cypress_runner.js:136179:13)
      at tryCatcher (http://172.30.208.1:8090/__cypress/runner/cypress_runner.js:1777:23)
      at Promise._settlePromiseFromHandler (http://172.30.208.1:8090/__cypress/runner/cypress_runner.js:1489:31)
      at Promise._settlePromise (http://172.30.208.1:8090/__cypress/runner/cypress_runner.js:1546:18)
      at Promise._settlePromise0 (http://172.30.208.1:8090/__cypress/runner/cypress_runner.js:1591:10)
      at Promise._settlePromises (http://172.30.208.1:8090/__cypress/runner/cypress_runner.js:1667:18)
      at _drainQueueStep (http://172.30.208.1:8090/__cypress/runner/cypress_runner.js:2377:12)
      at _drainQueue (http://172.30.208.1:8090/__cypress/runner/cypress_runner.js:2370:9)
      at Async._drainQueues (http://172.30.208.1:8090/__cypress/runner/cypress_runner.js:2386:5)
      at Async.drainQueues (http://172.30.208.1:8090/__cypress/runner/cypress_runner.js:2256:14)

  5) URL State Persistence
       Multi-level URL Persistence
         should track record ID in clean URL via direct navigation:
     CypressError: `cy.visit()` failed trying to load:

http://172.30.208.1:8090/cma/form/opleidingen/1

The response we received from your web server was:

  > 404: Not Found

This was considered a failure because the status code was not `2xx`.

If you do not want status codes to cause failures pass the option: `failOnStatusCode: false`
      at <unknown> (http://172.30.208.1:8090/__cypress/runner/cypress_runner.js:136196:76)
      at visitFailedByErr (http://172.30.208.1:8090/__cypress/runner/cypress_runner.js:135786:12)
      at <unknown> (http://172.30.208.1:8090/__cypress/runner/cypress_runner.js:136179:13)
      at tryCatcher (http://172.30.208.1:8090/__cypress/runner/cypress_runner.js:1777:23)
      at Promise._settlePromiseFromHandler (http://172.30.208.1:8090/__cypress/runner/cypress_runner.js:1489:31)
      at Promise._settlePromise (http://172.30.208.1:8090/__cypress/runner/cypress_runner.js:1546:18)
      at Promise._settlePromise0 (http://172.30.208.1:8090/__cypress/runner/cypress_runner.js:1591:10)
      at Promise._settlePromises (http://172.30.208.1:8090/__cypress/runner/cypress_runner.js:1667:18)
      at _drainQueueStep (http://172.30.208.1:8090/__cypress/runner/cypress_runner.js:2377:12)
      at _drainQueue (http://172.30.208.1:8090/__cypress/runner/cypress_runner.js:2370:9)
      at Async._drainQueues (http://172.30.208.1:8090/__cypress/runner/cypress_runner.js:2386:5)
      at Async.drainQueues (http://172.30.208.1:8090/__cypress/runner/cypress_runner.js:2256:14)

  6) URL State Persistence
       Multi-level URL Persistence
         should return to list URL when navigating back from record:
     CypressError: `cy.visit()` failed trying to load:

http://172.30.208.1:8090/cma/form/opleidingen/1

The response we received from your web server was:

  > 404: Not Found

This was considered a failure because the status code was not `2xx`.

If you do not want status codes to cause failures pass the option: `failOnStatusCode: false`
      at <unknown> (http://172.30.208.1:8090/__cypress/runner/cypress_runner.js:136196:76)
      at visitFailedByErr (http://172.30.208.1:8090/__cypress/runner/cypress_runner.js:135786:12)
      at <unknown> (http://172.30.208.1:8090/__cypress/runner/cypress_runner.js:136179:13)
      at tryCatcher (http://172.30.208.1:8090/__cypress/runner/cypress_runner.js:1777:23)
      at Promise._settlePromiseFromHandler (http://172.30.208.1:8090/__cypress/runner/cypress_runner.js:1489:31)
      at Promise._settlePromise (http://172.30.208.1:8090/__cypress/runner/cypress_runner.js:1546:18)
      at Promise._settlePromise0 (http://172.30.208.1:8090/__cypress/runner/cypress_runner.js:1591:10)
      at Promise._settlePromises (http://172.30.208.1:8090/__cypress/runner/cypress_runner.js:1667:18)
      at _drainQueueStep (http://172.30.208.1:8090/__cypress/runner/cypress_runner.js:2377:12)
      at _drainQueue (http://172.30.208.1:8090/__cypress/runner/cypress_runner.js:2370:9)
      at Async._drainQueues (http://172.30.208.1:8090/__cypress/runner/cypress_runner.js:2386:5)
      at Async.drainQueues (http://172.30.208.1:8090/__cypress/runner/cypress_runner.js:2256:14)




  (Results)

  ┌────────────────────────────────────────────────────────────────────────────────────────────────┐
  │ Tests:        9                                                                                │
  │ Passing:      3                                                                                │
  │ Failing:      6                                                                                │
  │ Pending:      0                                                                                │
  │ Skipped:      0                                                                                │
  │ Screenshots:  18                                                                               │
  │ Video:        false                                                                            │
  │ Duration:     37 seconds                                                                       │
  │ Spec Ran:     navigation/url-state.cy.js                                                       │
  └────────────────────────────────────────────────────────────────────────────────────────────────┘


  (Screenshots)

  -  /mnt/c/repos/cma_platform/cma/cypress/screenshots/navigation/url-state.cy.js/URL     (1280x720)
      State Persistence -- Direct URL Record Loading -- should load record in detail                
     panel when visiting URL with record ID (failed).png                                            
  -  /mnt/c/repos/cma_platform/cma/cypress/screenshots/navigation/url-state.cy.js/URL     (1280x720)
      State Persistence -- Direct URL Record Loading -- should load record in detail                
     panel when visiting URL with record ID (failed) (attempt 2).png                                
  -  /mnt/c/repos/cma_platform/cma/cypress/screenshots/navigation/url-state.cy.js/URL     (1280x720)
      State Persistence -- Direct URL Record Loading -- should load record in detail                
     panel when visiting URL with record ID (failed) (attempt 3).png                                
  -  /mnt/c/repos/cma_platform/cma/cypress/screenshots/navigation/url-state.cy.js/URL     (1280x720)
      State Persistence -- Direct URL Record Loading -- should return to list URL whe               
     n navigating away from record (failed).png                                                     
  -  /mnt/c/repos/cma_platform/cma/cypress/screenshots/navigation/url-state.cy.js/URL     (1280x720)
      State Persistence -- Direct URL Record Loading -- should return to list URL whe               
     n navigating away from record (failed) (attempt 2).png                                         
  -  /mnt/c/repos/cma_platform/cma/cypress/screenshots/navigation/url-state.cy.js/URL     (1280x720)
      State Persistence -- Direct URL Record Loading -- should return to list URL whe               
     n navigating away from record (failed) (attempt 3).png                                         
  -  /mnt/c/repos/cma_platform/cma/cypress/screenshots/navigation/url-state.cy.js/URL     (1280x720)
      State Persistence -- Direct URL Record Loading -- should load new record form w               
     hen URL is new (failed).png                                                                    
  -  /mnt/c/repos/cma_platform/cma/cypress/screenshots/navigation/url-state.cy.js/URL     (1280x720)
      State Persistence -- Direct URL Record Loading -- should load new record form w               
     hen URL is new (failed) (attempt 2).png                                                        
  -  /mnt/c/repos/cma_platform/cma/cypress/screenshots/navigation/url-state.cy.js/URL     (1280x720)
      State Persistence -- Direct URL Record Loading -- should load new record form w               
     hen URL is new (failed) (attempt 3).png                                                        
  -  /mnt/c/repos/cma_platform/cma/cypress/screenshots/navigation/url-state.cy.js/URL     (1280x720)
      State Persistence -- Direct URL Access -- should load record in detail panel wh               
     en accessing URL with record ID (failed).png                                                   
  -  /mnt/c/repos/cma_platform/cma/cypress/screenshots/navigation/url-state.cy.js/URL     (1280x720)
      State Persistence -- Direct URL Access -- should load record in detail panel wh               
     en accessing URL with record ID (failed) (attempt 2).png                                       
  -  /mnt/c/repos/cma_platform/cma/cypress/screenshots/navigation/url-state.cy.js/URL     (1280x720)
      State Persistence -- Direct URL Access -- should load record in detail panel wh               
     en accessing URL with record ID (failed) (attempt 3).png                                       
  -  /mnt/c/repos/cma_platform/cma/cypress/screenshots/navigation/url-state.cy.js/URL     (1280x720)
      State Persistence -- Multi-level URL Persistence -- should track record ID in c               
     lean URL via direct navigation (failed).png                                                    
  -  /mnt/c/repos/cma_platform/cma/cypress/screenshots/navigation/url-state.cy.js/URL     (1280x720)
      State Persistence -- Multi-level URL Persistence -- should track record ID in c               
     lean URL via direct navigation (failed) (attempt 2).png                                        
  -  /mnt/c/repos/cma_platform/cma/cypress/screenshots/navigation/url-state.cy.js/URL     (1280x720)
      State Persistence -- Multi-level URL Persistence -- should track record ID in c               
     lean URL via direct navigation (failed) (attempt 3).png                                        
  -  /mnt/c/repos/cma_platform/cma/cypress/screenshots/navigation/url-state.cy.js/URL     (1280x720)
      State Persistence -- Multi-level URL Persistence -- should return to list URL w               
     hen navigating back from record (failed).png                                                   
  -  /mnt/c/repos/cma_platform/cma/cypress/screenshots/navigation/url-state.cy.js/URL     (1280x720)
      State Persistence -- Multi-level URL Persistence -- should return to list URL w               
     hen navigating back from record (failed) (attempt 2).png                                       
  -  /mnt/c/repos/cma_platform/cma/cypress/screenshots/navigation/url-state.cy.js/URL     (1280x720)
      State Persistence -- Multi-level URL Persistence -- should return to list URL w               
     hen navigating back from record (failed) (attempt 3).png                                       


────────────────────────────────────────────────────────────────────────────────────────────────────
                                                                                                    
  Running:  navigation/user-menu.cy.js                                                   (13 of 117)


  User Menu
    User Menu Display
      ✓ should display user menu (2691ms)
      ✓ should show username (312ms)
      ✓ should show user avatar or icon (292ms)
    User Dropdown
      ✓ should show dropdown on hover (882ms)
      ✓ should hide dropdown on mouse leave (944ms)
      ✓ should have preferences option (306ms)
      ✓ should have logout option (278ms)
    User Menu Actions
      ✓ should navigate to preferences (3646ms)
      ✓ should logout user (1587ms)
    User Level Indicator
      ✓ should show user level for admin (290ms)
    Dropdown Positioning
      ✓ should position dropdown correctly (868ms)
    Preferences Page - Developer Options
      ✓ should display SQL threshold dropdown for developers (2408ms)
      ✓ should have SQL threshold options: all, 50ms, 100ms, 250ms (2447ms)
      ✓ should save SQL threshold preference (3612ms)
    Accessibility
      ✓ should be keyboard accessible (892ms)
      ✓ should have aria attributes (278ms)


  16 passing (23s)


  (Results)

  ┌────────────────────────────────────────────────────────────────────────────────────────────────┐
  │ Tests:        16                                                                               │
  │ Passing:      16                                                                               │
  │ Failing:      0                                                                                │
  │ Pending:      0                                                                                │
  │ Skipped:      0                                                                                │
  │ Screenshots:  0                                                                                │
  │ Video:        false                                                                            │
  │ Duration:     23 seconds                                                                       │
  │ Spec Ran:     navigation/user-menu.cy.js                                                       │
  └────────────────────────────────────────────────────────────────────────────────────────────────┘


────────────────────────────────────────────────────────────────────────────────────────────────────
                                                                                                    
  Running:  visual/screenshot-report-designer.cy.js                                      (14 of 117)


  Report Designer Screenshot
    ✓ captures the mode selection dialog (3067ms)


  1 passing (3s)


  (Results)

  ┌────────────────────────────────────────────────────────────────────────────────────────────────┐
  │ Tests:        1                                                                                │
  │ Passing:      1                                                                                │
  │ Failing:      0                                                                                │
  │ Pending:      0                                                                                │
  │ Skipped:      0                                                                                │
  │ Screenshots:  1                                                                                │
  │ Video:        false                                                                            │
  │ Duration:     3 seconds                                                                        │
  │ Spec Ran:     visual/screenshot-report-designer.cy.js                                          │
  └────────────────────────────────────────────────────────────────────────────────────────────────┘


  (Screenshots)

  -  /mnt/c/repos/cma_platform/cma/cypress/screenshots/visual/screenshot-report-desig     (1280x720)
     ner.cy.js/mode-selection-dialog.png                                                            


────────────────────────────────────────────────────────────────────────────────────────────────────
                                                                                                    
  Running:  performance/loading-states.cy.js                                             (15 of 117)


  Loading States and Performance
    Page Loading
      ✓ should show content progressively (2262ms)
    Performance Logger
      ✓ should have cmaPerf global object (324ms)
      ✓ should have timing methods (300ms)
      ✓ should track timers correctly (471ms)
      ✓ should support marks and measures (386ms)
      ✓ should provide stats (335ms)
    Table Performance
      ✓ should render large table efficiently (370ms)
    API Response Times
      ✓ should log slow API responses (1422ms)
    Progressive Enhancement
      ✓ should work with JavaScript disabled features gracefully (340ms)
      ✓ should enhance experience when JS is available (344ms)

  Performance Benchmarks
    Time to First Meaningful Paint
      ✓ should render initial content quickly (284ms)


  11 passing (8s)


  (Results)

  ┌────────────────────────────────────────────────────────────────────────────────────────────────┐
  │ Tests:        11                                                                               │
  │ Passing:      11                                                                               │
  │ Failing:      0                                                                                │
  │ Pending:      0                                                                                │
  │ Skipped:      0                                                                                │
  │ Screenshots:  0                                                                                │
  │ Video:        false                                                                            │
  │ Duration:     7 seconds                                                                        │
  │ Spec Ran:     performance/loading-states.cy.js                                                 │
  └────────────────────────────────────────────────────────────────────────────────────────────────┘


────────────────────────────────────────────────────────────────────────────────────────────────────
                                                                                                    
  Running:  performance/page-cache.cy.js                                                 (16 of 117)


  DOM Page Cache
    Cache API
      ✓ should expose pageCacheStats on CMA namespace (2846ms)
      ✓ should expose clearPageCache on CMA namespace (303ms)
    Cache Hit Behavior
      ✓ should cache a form page when navigating away (908ms)
      ✓ should restore from cache without network request (912ms)
      ✓ should update breadcrumb on cache restore (812ms)
      ✓ should update menu active state on cache restore (583ms)
    Body Class Restoration
      ✓ should restore body classes from cached page (710ms)
    LRU Eviction
      (Attempt 1 of 3) should evict oldest page when cache exceeds 5 entries
      ✓ should evict oldest page when cache exceeds 5 entries (708ms)
    Cache Clear
      ✓ should clear all cached pages via CMA.clearPageCache() (5068ms)
    Non-Cacheable Pages
      ✓ should NOT cache tools pages (380ms)
    Browser History
      ✓ should work with browser back/forward buttons (410ms)
    Data Preservation
      ✓ should preserve list content from cache without re-fetching (477ms)


  12 passing (45s)


  (Results)

  ┌────────────────────────────────────────────────────────────────────────────────────────────────┐
  │ Tests:        12                                                                               │
  │ Passing:      12                                                                               │
  │ Failing:      0                                                                                │
  │ Pending:      0                                                                                │
  │ Skipped:      0                                                                                │
  │ Screenshots:  1                                                                                │
  │ Video:        false                                                                            │
  │ Duration:     44 seconds                                                                       │
  │ Spec Ran:     performance/page-cache.cy.js                                                     │
  └────────────────────────────────────────────────────────────────────────────────────────────────┘


  (Screenshots)

  -  /mnt/c/repos/cma_platform/cma/cypress/screenshots/performance/page-cache.cy.js/D     (1280x720)
     OM Page Cache -- LRU Eviction -- should evict oldest page when cache exceeds 5 e               
     ntries (failed).png                                                                            


────────────────────────────────────────────────────────────────────────────────────────────────────
                                                                                                    
  Running:  performance/service-worker-caching.cy.js                                     (17 of 117)


  Service Worker Caching
    Service Worker Registration
      ✓ should register Service Worker on page load (2212ms)
      ✓ should have SW controller active after registration (307ms)
    CMA.clearFormCache Utility
      ✓ should have clearFormCache method on CMA namespace (296ms)
      ✓ should have getFormCacheInfo method on CMA namespace (285ms)
      ✓ should return a Promise from clearFormCache (284ms)
      ✓ should resolve clearFormCache gracefully when SW not available (291ms)
    Cache Clear on Tools Page
      (Attempt 1 of 3) should auto-clear browser form cache on tools_clearcache.php load
      (Attempt 2 of 3) should auto-clear browser form cache on tools_clearcache.php load
      1) should auto-clear browser form cache on tools_clearcache.php load
      (Attempt 1 of 3) should show success message when all caches are cleared
      (Attempt 2 of 3) should show success message when all caches are cleared
      2) should show success message when all caches are cleared
    Form Template Caching Behavior
      ✓ should cache form templates for subsequent requests (791ms)
      ✓ should skip caching when nocache parameter is present (285ms)

  Service Worker Cache Invalidation
    Manual Cache Clear
      ✓ should clear form cache via CMA.clearFormCache() (3597ms)
      ✓ should report cache info via CMA.getFormCacheInfo() (2283ms)


  10 passing (21s)
  2 failing

  1) Service Worker Caching
       Cache Clear on Tools Page
         should auto-clear browser form cache on tools_clearcache.php load:
     CypressError: `cy.visit()` failed trying to load:

http://172.30.208.1:8090/cma/tools/tools_clearcache.php

The response we received from your web server was:

  > 500: Internal Server Error

This was considered a failure because the status code was not `2xx`.

If you do not want status codes to cause failures pass the option: `failOnStatusCode: false`
      at <unknown> (http://172.30.208.1:8090/__cypress/runner/cypress_runner.js:136196:76)
      at visitFailedByErr (http://172.30.208.1:8090/__cypress/runner/cypress_runner.js:135786:12)
      at <unknown> (http://172.30.208.1:8090/__cypress/runner/cypress_runner.js:136179:13)
      at tryCatcher (http://172.30.208.1:8090/__cypress/runner/cypress_runner.js:1777:23)
      at Promise._settlePromiseFromHandler (http://172.30.208.1:8090/__cypress/runner/cypress_runner.js:1489:31)
      at Promise._settlePromise (http://172.30.208.1:8090/__cypress/runner/cypress_runner.js:1546:18)
      at Promise._settlePromise0 (http://172.30.208.1:8090/__cypress/runner/cypress_runner.js:1591:10)
      at Promise._settlePromises (http://172.30.208.1:8090/__cypress/runner/cypress_runner.js:1667:18)
      at _drainQueueStep (http://172.30.208.1:8090/__cypress/runner/cypress_runner.js:2377:12)
      at _drainQueue (http://172.30.208.1:8090/__cypress/runner/cypress_runner.js:2370:9)
      at Async._drainQueues (http://172.30.208.1:8090/__cypress/runner/cypress_runner.js:2386:5)
      at Async.drainQueues (http://172.30.208.1:8090/__cypress/runner/cypress_runner.js:2256:14)

  2) Service Worker Caching
       Cache Clear on Tools Page
         should show success message when all caches are cleared:
     CypressError: `cy.visit()` failed trying to load:

http://172.30.208.1:8090/cma/tools/tools_clearcache.php

The response we received from your web server was:

  > 500: Internal Server Error

This was considered a failure because the status code was not `2xx`.

If you do not want status codes to cause failures pass the option: `failOnStatusCode: false`
      at <unknown> (http://172.30.208.1:8090/__cypress/runner/cypress_runner.js:136196:76)
      at visitFailedByErr (http://172.30.208.1:8090/__cypress/runner/cypress_runner.js:135786:12)
      at <unknown> (http://172.30.208.1:8090/__cypress/runner/cypress_runner.js:136179:13)
      at tryCatcher (http://172.30.208.1:8090/__cypress/runner/cypress_runner.js:1777:23)
      at Promise._settlePromiseFromHandler (http://172.30.208.1:8090/__cypress/runner/cypress_runner.js:1489:31)
      at Promise._settlePromise (http://172.30.208.1:8090/__cypress/runner/cypress_runner.js:1546:18)
      at Promise._settlePromise0 (http://172.30.208.1:8090/__cypress/runner/cypress_runner.js:1591:10)
      at Promise._settlePromises (http://172.30.208.1:8090/__cypress/runner/cypress_runner.js:1667:18)
      at _drainQueueStep (http://172.30.208.1:8090/__cypress/runner/cypress_runner.js:2377:12)
      at _drainQueue (http://172.30.208.1:8090/__cypress/runner/cypress_runner.js:2370:9)
      at Async._drainQueues (http://172.30.208.1:8090/__cypress/runner/cypress_runner.js:2386:5)
      at Async.drainQueues (http://172.30.208.1:8090/__cypress/runner/cypress_runner.js:2256:14)




  (Results)

  ┌────────────────────────────────────────────────────────────────────────────────────────────────┐
  │ Tests:        12                                                                               │
  │ Passing:      10                                                                               │
  │ Failing:      2                                                                                │
  │ Pending:      0                                                                                │
  │ Skipped:      0                                                                                │
  │ Screenshots:  6                                                                                │
  │ Video:        false                                                                            │
  │ Duration:     21 seconds                                                                       │
  │ Spec Ran:     performance/service-worker-caching.cy.js                                         │
  └────────────────────────────────────────────────────────────────────────────────────────────────┘


  (Screenshots)

  -  /mnt/c/repos/cma_platform/cma/cypress/screenshots/performance/service-worker-cac     (1280x720)
     hing.cy.js/Service Worker Caching -- Cache Clear on Tools Page -- should auto-cl               
     ear browser form cache on tools_clearcache.php load (failed).png                               
  -  /mnt/c/repos/cma_platform/cma/cypress/screenshots/performance/service-worker-cac     (1280x720)
     hing.cy.js/Service Worker Caching -- Cache Clear on Tools Page -- should auto-cl               
     ear browser form cache on tools_clearcache.php load (failed) (attempt 2).png                   
  -  /mnt/c/repos/cma_platform/cma/cypress/screenshots/performance/service-worker-cac     (1280x720)
     hing.cy.js/Service Worker Caching -- Cache Clear on Tools Page -- should auto-cl               
     ear browser form cache on tools_clearcache.php load (failed) (attempt 3).png                   
  -  /mnt/c/repos/cma_platform/cma/cypress/screenshots/performance/service-worker-cac     (1280x720)
     hing.cy.js/Service Worker Caching -- Cache Clear on Tools Page -- should show su               
     ccess message when all caches are cleared (failed).png                                         
  -  /mnt/c/repos/cma_platform/cma/cypress/screenshots/performance/service-worker-cac     (1280x720)
     hing.cy.js/Service Worker Caching -- Cache Clear on Tools Page -- should show su               
     ccess message when all caches are cleared (failed) (attempt 2).png                             
  -  /mnt/c/repos/cma_platform/cma/cypress/screenshots/performance/service-worker-cac     (1280x720)
     hing.cy.js/Service Worker Caching -- Cache Clear on Tools Page -- should show su               
     ccess message when all caches are cleared (failed) (attempt 3).png                             


────────────────────────────────────────────────────────────────────────────────────────────────────
                                                                                                    
  Running:  core/clean-urls.cy.js                                                        (18 of 117)


  Clean URL Routing
    Simple Page Clean URLs
      (Attempt 1 of 3) should redirect /cma/ to /cma/dashboard
      (Attempt 2 of 3) should redirect /cma/ to /cma/dashboard
      1) should redirect /cma/ to /cma/dashboard
      (Attempt 1 of 3) should load dashboard via /cma/dashboard
      (Attempt 2 of 3) should load dashboard via /cma/dashboard
      2) should load dashboard via /cma/dashboard
      (Attempt 1 of 3) should load tools via /cma/tools
      (Attempt 2 of 3) should load tools via /cma/tools
      3) should load tools via /cma/tools
    Basic Clean URL Access
      (Attempt 1 of 3) should load form via clean URL after login
      (Attempt 2 of 3) should load form via clean URL after login
      4) should load form via clean URL after login
      ✓ should navigate to clean URL via menu (2309ms)
    Record URLs
      ✓ should include record ID in URL when navigating to a record (142ms)
    Record Detail URLs
      (Attempt 1 of 3) should load record in detail panel with tree view when navigating to /form/xxx/recordId
      (Attempt 2 of 3) should load record in detail panel with tree view when navigating to /form/xxx/recordId
      5) should load record in detail panel with tree view when navigating to /form/xxx/recordId
      (Attempt 1 of 3) should open record detail when clicking table row
      (Attempt 2 of 3) should open record detail when clicking table row
      6) should open record detail when clicking table row
    New Record URLs
      (Attempt 1 of 3) should support /new URL for new records
      (Attempt 2 of 3) should support /new URL for new records
      7) should support /new URL for new records
    Third Level URL Nesting
      (Attempt 1 of 3) should parse 3-level URLs correctly
      (Attempt 2 of 3) should parse 3-level URLs correctly
      8) should parse 3-level URLs correctly
      (Attempt 1 of 3) should report correct depth for 3-level URLs
      (Attempt 2 of 3) should report correct depth for 3-level URLs
      9) should report correct depth for 3-level URLs
      (Attempt 1 of 3) should handle 3-level subform URL routing via IIS
      (Attempt 2 of 3) should handle 3-level subform URL routing via IIS
      10) should handle 3-level subform URL routing via IIS


  2 passing (1m)
  10 failing

  1) Clean URL Routing
       Simple Page Clean URLs
         should redirect /cma/ to /cma/dashboard:
     AssertionError: Timed out retrying after 10000ms: expected 'http://172.30.208.1:8090/cma/main.php' to include '/dashboard'
      at Context.eval (webpack://cma-cypress-tests/./cypress/e2e/core/clean-urls.cy.js:24:21)

  2) Clean URL Routing
       Simple Page Clean URLs
         should load dashboard via /cma/dashboard:
     CypressError: `cy.visit()` failed trying to load:

http://172.30.208.1:8090/cma/dashboard

The response we received from your web server was:

  > 404: Not Found

This was considered a failure because the status code was not `2xx`.

If you do not want status codes to cause failures pass the option: `failOnStatusCode: false`
      at <unknown> (http://172.30.208.1:8090/__cypress/runner/cypress_runner.js:136196:76)
      at visitFailedByErr (http://172.30.208.1:8090/__cypress/runner/cypress_runner.js:135786:12)
      at <unknown> (http://172.30.208.1:8090/__cypress/runner/cypress_runner.js:136179:13)
      at tryCatcher (http://172.30.208.1:8090/__cypress/runner/cypress_runner.js:1777:23)
      at Promise._settlePromiseFromHandler (http://172.30.208.1:8090/__cypress/runner/cypress_runner.js:1489:31)
      at Promise._settlePromise (http://172.30.208.1:8090/__cypress/runner/cypress_runner.js:1546:18)
      at Promise._settlePromise0 (http://172.30.208.1:8090/__cypress/runner/cypress_runner.js:1591:10)
      at Promise._settlePromises (http://172.30.208.1:8090/__cypress/runner/cypress_runner.js:1667:18)
      at _drainQueueStep (http://172.30.208.1:8090/__cypress/runner/cypress_runner.js:2377:12)
      at _drainQueue (http://172.30.208.1:8090/__cypress/runner/cypress_runner.js:2370:9)
      at Async._drainQueues (http://172.30.208.1:8090/__cypress/runner/cypress_runner.js:2386:5)
      at Async.drainQueues (http://172.30.208.1:8090/__cypress/runner/cypress_runner.js:2256:14)

  3) Clean URL Routing
       Simple Page Clean URLs
         should load tools via /cma/tools:
     CypressError: `cy.visit()` failed trying to load:

http://172.30.208.1:8090/cma/tools

The response we received from your web server was:

  > 403: Forbidden

This was considered a failure because the status code was not `2xx`.

This http request was redirected '1' time to:

  - 301: http://172.30.208.1:8090/cma/tools/

If you do not want status codes to cause failures pass the option: `failOnStatusCode: false`
      at <unknown> (http://172.30.208.1:8090/__cypress/runner/cypress_runner.js:136196:76)
      at visitFailedByErr (http://172.30.208.1:8090/__cypress/runner/cypress_runner.js:135786:12)
      at <unknown> (http://172.30.208.1:8090/__cypress/runner/cypress_runner.js:136179:13)
      at tryCatcher (http://172.30.208.1:8090/__cypress/runner/cypress_runner.js:1777:23)
      at Promise._settlePromiseFromHandler (http://172.30.208.1:8090/__cypress/runner/cypress_runner.js:1489:31)
      at Promise._settlePromise (http://172.30.208.1:8090/__cypress/runner/cypress_runner.js:1546:18)
      at Promise._settlePromise0 (http://172.30.208.1:8090/__cypress/runner/cypress_runner.js:1591:10)
      at Promise._settlePromises (http://172.30.208.1:8090/__cypress/runner/cypress_runner.js:1667:18)
      at _drainQueueStep (http://172.30.208.1:8090/__cypress/runner/cypress_runner.js:2377:12)
      at _drainQueue (http://172.30.208.1:8090/__cypress/runner/cypress_runner.js:2370:9)
      at Async._drainQueues (http://172.30.208.1:8090/__cypress/runner/cypress_runner.js:2386:5)
      at Async.drainQueues (http://172.30.208.1:8090/__cypress/runner/cypress_runner.js:2256:14)

  4) Clean URL Routing
       Basic Clean URL Access
         should load form via clean URL after login:
     CypressError: `cy.visit()` failed trying to load:

http://172.30.208.1:8090/cma/form/opleidingen

The response we received from your web server was:

  > 404: Not Found

This was considered a failure because the status code was not `2xx`.

If you do not want status codes to cause failures pass the option: `failOnStatusCode: false`
      at <unknown> (http://172.30.208.1:8090/__cypress/runner/cypress_runner.js:136196:76)
      at visitFailedByErr (http://172.30.208.1:8090/__cypress/runner/cypress_runner.js:135786:12)
      at <unknown> (http://172.30.208.1:8090/__cypress/runner/cypress_runner.js:136179:13)
      at tryCatcher (http://172.30.208.1:8090/__cypress/runner/cypress_runner.js:1777:23)
      at Promise._settlePromiseFromHandler (http://172.30.208.1:8090/__cypress/runner/cypress_runner.js:1489:31)
      at Promise._settlePromise (http://172.30.208.1:8090/__cypress/runner/cypress_runner.js:1546:18)
      at Promise._settlePromise0 (http://172.30.208.1:8090/__cypress/runner/cypress_runner.js:1591:10)
      at Promise._settlePromises (http://172.30.208.1:8090/__cypress/runner/cypress_runner.js:1667:18)
      at _drainQueueStep (http://172.30.208.1:8090/__cypress/runner/cypress_runner.js:2377:12)
      at _drainQueue (http://172.30.208.1:8090/__cypress/runner/cypress_runner.js:2370:9)
      at Async._drainQueues (http://172.30.208.1:8090/__cypress/runner/cypress_runner.js:2386:5)
      at Async.drainQueues (http://172.30.208.1:8090/__cypress/runner/cypress_runner.js:2256:14)

  5) Clean URL Routing
       Record Detail URLs
         should load record in detail panel with tree view when navigating to /form/xxx/recordId:
     CypressError: `cy.visit()` failed trying to load:

http://172.30.208.1:8090/cma/form/users/1

The response we received from your web server was:

  > 404: Not Found

This was considered a failure because the status code was not `2xx`.

If you do not want status codes to cause failures pass the option: `failOnStatusCode: false`
      at <unknown> (http://172.30.208.1:8090/__cypress/runner/cypress_runner.js:136196:76)
      at visitFailedByErr (http://172.30.208.1:8090/__cypress/runner/cypress_runner.js:135786:12)
      at <unknown> (http://172.30.208.1:8090/__cypress/runner/cypress_runner.js:136179:13)
      at tryCatcher (http://172.30.208.1:8090/__cypress/runner/cypress_runner.js:1777:23)
      at Promise._settlePromiseFromHandler (http://172.30.208.1:8090/__cypress/runner/cypress_runner.js:1489:31)
      at Promise._settlePromise (http://172.30.208.1:8090/__cypress/runner/cypress_runner.js:1546:18)
      at Promise._settlePromise0 (http://172.30.208.1:8090/__cypress/runner/cypress_runner.js:1591:10)
      at Promise._settlePromises (http://172.30.208.1:8090/__cypress/runner/cypress_runner.js:1667:18)
      at _drainQueueStep (http://172.30.208.1:8090/__cypress/runner/cypress_runner.js:2377:12)
      at _drainQueue (http://172.30.208.1:8090/__cypress/runner/cypress_runner.js:2370:9)
      at Async._drainQueues (http://172.30.208.1:8090/__cypress/runner/cypress_runner.js:2386:5)
      at Async.drainQueues (http://172.30.208.1:8090/__cypress/runner/cypress_runner.js:2256:14)

  6) Clean URL Routing
       Record Detail URLs
         should open record detail when clicking table row:
     CypressError: `cy.visit()` failed trying to load:

http://172.30.208.1:8090/cma/form/users

The response we received from your web server was:

  > 404: Not Found

This was considered a failure because the status code was not `2xx`.

If you do not want status codes to cause failures pass the option: `failOnStatusCode: false`
      at <unknown> (http://172.30.208.1:8090/__cypress/runner/cypress_runner.js:136196:76)
      at visitFailedByErr (http://172.30.208.1:8090/__cypress/runner/cypress_runner.js:135786:12)
      at <unknown> (http://172.30.208.1:8090/__cypress/runner/cypress_runner.js:136179:13)
      at tryCatcher (http://172.30.208.1:8090/__cypress/runner/cypress_runner.js:1777:23)
      at Promise._settlePromiseFromHandler (http://172.30.208.1:8090/__cypress/runner/cypress_runner.js:1489:31)
      at Promise._settlePromise (http://172.30.208.1:8090/__cypress/runner/cypress_runner.js:1546:18)
      at Promise._settlePromise0 (http://172.30.208.1:8090/__cypress/runner/cypress_runner.js:1591:10)
      at Promise._settlePromises (http://172.30.208.1:8090/__cypress/runner/cypress_runner.js:1667:18)
      at _drainQueueStep (http://172.30.208.1:8090/__cypress/runner/cypress_runner.js:2377:12)
      at _drainQueue (http://172.30.208.1:8090/__cypress/runner/cypress_runner.js:2370:9)
      at Async._drainQueues (http://172.30.208.1:8090/__cypress/runner/cypress_runner.js:2386:5)
      at Async.drainQueues (http://172.30.208.1:8090/__cypress/runner/cypress_runner.js:2256:14)

  7) Clean URL Routing
       New Record URLs
         should support /new URL for new records:
     CypressError: `cy.visit()` failed trying to load:

http://172.30.208.1:8090/cma/form/groups/new

The response we received from your web server was:

  > 404: Not Found

This was considered a failure because the status code was not `2xx`.

If you do not want status codes to cause failures pass the option: `failOnStatusCode: false`
      at <unknown> (http://172.30.208.1:8090/__cypress/runner/cypress_runner.js:136196:76)
      at visitFailedByErr (http://172.30.208.1:8090/__cypress/runner/cypress_runner.js:135786:12)
      at <unknown> (http://172.30.208.1:8090/__cypress/runner/cypress_runner.js:136179:13)
      at tryCatcher (http://172.30.208.1:8090/__cypress/runner/cypress_runner.js:1777:23)
      at Promise._settlePromiseFromHandler (http://172.30.208.1:8090/__cypress/runner/cypress_runner.js:1489:31)
      at Promise._settlePromise (http://172.30.208.1:8090/__cypress/runner/cypress_runner.js:1546:18)
      at Promise._settlePromise0 (http://172.30.208.1:8090/__cypress/runner/cypress_runner.js:1591:10)
      at Promise._settlePromises (http://172.30.208.1:8090/__cypress/runner/cypress_runner.js:1667:18)
      at _drainQueueStep (http://172.30.208.1:8090/__cypress/runner/cypress_runner.js:2377:12)
      at _drainQueue (http://172.30.208.1:8090/__cypress/runner/cypress_runner.js:2370:9)
      at Async._drainQueues (http://172.30.208.1:8090/__cypress/runner/cypress_runner.js:2386:5)
      at Async.drainQueues (http://172.30.208.1:8090/__cypress/runner/cypress_runner.js:2256:14)

  8) Clean URL Routing
       Third Level URL Nesting
         should parse 3-level URLs correctly:
     CypressError: `cy.visit()` failed trying to load:

http://172.30.208.1:8090/cma/form/users

The response we received from your web server was:

  > 404: Not Found

This was considered a failure because the status code was not `2xx`.

If you do not want status codes to cause failures pass the option: `failOnStatusCode: false`
      at <unknown> (http://172.30.208.1:8090/__cypress/runner/cypress_runner.js:136196:76)
      at visitFailedByErr (http://172.30.208.1:8090/__cypress/runner/cypress_runner.js:135786:12)
      at <unknown> (http://172.30.208.1:8090/__cypress/runner/cypress_runner.js:136179:13)
      at tryCatcher (http://172.30.208.1:8090/__cypress/runner/cypress_runner.js:1777:23)
      at Promise._settlePromiseFromHandler (http://172.30.208.1:8090/__cypress/runner/cypress_runner.js:1489:31)
      at Promise._settlePromise (http://172.30.208.1:8090/__cypress/runner/cypress_runner.js:1546:18)
      at Promise._settlePromise0 (http://172.30.208.1:8090/__cypress/runner/cypress_runner.js:1591:10)
      at Promise._settlePromises (http://172.30.208.1:8090/__cypress/runner/cypress_runner.js:1667:18)
      at _drainQueueStep (http://172.30.208.1:8090/__cypress/runner/cypress_runner.js:2377:12)
      at _drainQueue (http://172.30.208.1:8090/__cypress/runner/cypress_runner.js:2370:9)
      at Async._drainQueues (http://172.30.208.1:8090/__cypress/runner/cypress_runner.js:2386:5)
      at Async.drainQueues (http://172.30.208.1:8090/__cypress/runner/cypress_runner.js:2256:14)

  9) Clean URL Routing
       Third Level URL Nesting
         should report correct depth for 3-level URLs:
     CypressError: `cy.visit()` failed trying to load:

http://172.30.208.1:8090/cma/form/users

The response we received from your web server was:

  > 404: Not Found

This was considered a failure because the status code was not `2xx`.

If you do not want status codes to cause failures pass the option: `failOnStatusCode: false`
      at <unknown> (http://172.30.208.1:8090/__cypress/runner/cypress_runner.js:136196:76)
      at visitFailedByErr (http://172.30.208.1:8090/__cypress/runner/cypress_runner.js:135786:12)
      at <unknown> (http://172.30.208.1:8090/__cypress/runner/cypress_runner.js:136179:13)
      at tryCatcher (http://172.30.208.1:8090/__cypress/runner/cypress_runner.js:1777:23)
      at Promise._settlePromiseFromHandler (http://172.30.208.1:8090/__cypress/runner/cypress_runner.js:1489:31)
      at Promise._settlePromise (http://172.30.208.1:8090/__cypress/runner/cypress_runner.js:1546:18)
      at Promise._settlePromise0 (http://172.30.208.1:8090/__cypress/runner/cypress_runner.js:1591:10)
      at Promise._settlePromises (http://172.30.208.1:8090/__cypress/runner/cypress_runner.js:1667:18)
      at _drainQueueStep (http://172.30.208.1:8090/__cypress/runner/cypress_runner.js:2377:12)
      at _drainQueue (http://172.30.208.1:8090/__cypress/runner/cypress_runner.js:2370:9)
      at Async._drainQueues (http://172.30.208.1:8090/__cypress/runner/cypress_runner.js:2386:5)
      at Async.drainQueues (http://172.30.208.1:8090/__cypress/runner/cypress_runner.js:2256:14)

  10) Clean URL Routing
       Third Level URL Nesting
         should handle 3-level subform URL routing via IIS:
     CypressError: `cy.visit()` failed trying to load:

http://172.30.208.1:8090/cma/form/users/1/groups/1/users/1

The response we received from your web server was:

  > 404: Not Found

This was considered a failure because the status code was not `2xx`.

If you do not want status codes to cause failures pass the option: `failOnStatusCode: false`
      at <unknown> (http://172.30.208.1:8090/__cypress/runner/cypress_runner.js:136196:76)
      at visitFailedByErr (http://172.30.208.1:8090/__cypress/runner/cypress_runner.js:135786:12)
      at <unknown> (http://172.30.208.1:8090/__cypress/runner/cypress_runner.js:136179:13)
      at tryCatcher (http://172.30.208.1:8090/__cypress/runner/cypress_runner.js:1777:23)
      at Promise._settlePromiseFromHandler (http://172.30.208.1:8090/__cypress/runner/cypress_runner.js:1489:31)
      at Promise._settlePromise (http://172.30.208.1:8090/__cypress/runner/cypress_runner.js:1546:18)
      at Promise._settlePromise0 (http://172.30.208.1:8090/__cypress/runner/cypress_runner.js:1591:10)
      at Promise._settlePromises (http://172.30.208.1:8090/__cypress/runner/cypress_runner.js:1667:18)
      at _drainQueueStep (http://172.30.208.1:8090/__cypress/runner/cypress_runner.js:2377:12)
      at _drainQueue (http://172.30.208.1:8090/__cypress/runner/cypress_runner.js:2370:9)
      at Async._drainQueues (http://172.30.208.1:8090/__cypress/runner/cypress_runner.js:2386:5)
      at Async.drainQueues (http://172.30.208.1:8090/__cypress/runner/cypress_runner.js:2256:14)




  (Results)

  ┌────────────────────────────────────────────────────────────────────────────────────────────────┐
  │ Tests:        12                                                                               │
  │ Passing:      2                                                                                │
  │ Failing:      10                                                                               │
  │ Pending:      0                                                                                │
  │ Skipped:      0                                                                                │
  │ Screenshots:  30                                                                               │
  │ Video:        false                                                                            │
  │ Duration:     1 minute, 10 seconds                                                             │
  │ Spec Ran:     core/clean-urls.cy.js                                                            │
  └────────────────────────────────────────────────────────────────────────────────────────────────┘


  (Screenshots)

  -  /mnt/c/repos/cma_platform/cma/cypress/screenshots/core/clean-urls.cy.js/Clean UR     (1280x720)
     L Routing -- Simple Page Clean URLs -- should redirect cma to cmadashboard (fail               
     ed).png                                                                                        
  -  /mnt/c/repos/cma_platform/cma/cypress/screenshots/core/clean-urls.cy.js/Clean UR     (1280x720)
     L Routing -- Simple Page Clean URLs -- should redirect cma to cmadashboard (fail               
     ed) (attempt 2).png                                                                            
  -  /mnt/c/repos/cma_platform/cma/cypress/screenshots/core/clean-urls.cy.js/Clean UR     (1280x720)
     L Routing -- Simple Page Clean URLs -- should redirect cma to cmadashboard (fail               
     ed) (attempt 3).png                                                                            
  -  /mnt/c/repos/cma_platform/cma/cypress/screenshots/core/clean-urls.cy.js/Clean UR     (1280x720)
     L Routing -- Simple Page Clean URLs -- should load dashboard via cmadashboard (f               
     ailed).png                                                                                     
  -  /mnt/c/repos/cma_platform/cma/cypress/screenshots/core/clean-urls.cy.js/Clean UR     (1280x720)
     L Routing -- Simple Page Clean URLs -- should load dashboard via cmadashboard (f               
     ailed) (attempt 2).png                                                                         
  -  /mnt/c/repos/cma_platform/cma/cypress/screenshots/core/clean-urls.cy.js/Clean UR     (1280x720)
     L Routing -- Simple Page Clean URLs -- should load dashboard via cmadashboard (f               
     ailed) (attempt 3).png                                                                         
  -  /mnt/c/repos/cma_platform/cma/cypress/screenshots/core/clean-urls.cy.js/Clean UR     (1280x720)
     L Routing -- Simple Page Clean URLs -- should load tools via cmatools (failed).p               
     ng                                                                                             
  -  /mnt/c/repos/cma_platform/cma/cypress/screenshots/core/clean-urls.cy.js/Clean UR     (1280x720)
     L Routing -- Simple Page Clean URLs -- should load tools via cmatools (failed) (               
     attempt 2).png                                                                                 
  -  /mnt/c/repos/cma_platform/cma/cypress/screenshots/core/clean-urls.cy.js/Clean UR     (1280x720)
     L Routing -- Simple Page Clean URLs -- should load tools via cmatools (failed) (               
     attempt 3).png                                                                                 
  -  /mnt/c/repos/cma_platform/cma/cypress/screenshots/core/clean-urls.cy.js/Clean UR     (1280x720)
     L Routing -- Basic Clean URL Access -- should load form via clean URL after logi               
     n (failed).png                                                                                 
  -  /mnt/c/repos/cma_platform/cma/cypress/screenshots/core/clean-urls.cy.js/Clean UR     (1280x720)
     L Routing -- Basic Clean URL Access -- should load form via clean URL after logi               
     n (failed) (attempt 2).png                                                                     
  -  /mnt/c/repos/cma_platform/cma/cypress/screenshots/core/clean-urls.cy.js/Clean UR     (1280x720)
     L Routing -- Basic Clean URL Access -- should load form via clean URL after logi               
     n (failed) (attempt 3).png                                                                     
  -  /mnt/c/repos/cma_platform/cma/cypress/screenshots/core/clean-urls.cy.js/Clean UR     (1280x720)
     L Routing -- Record Detail URLs -- should load record in detail panel with tree                
     view when navigating to formxxxrecordId (failed).png                                           
  -  /mnt/c/repos/cma_platform/cma/cypress/screenshots/core/clean-urls.cy.js/Clean UR     (1280x720)
     L Routing -- Record Detail URLs -- should load record in detail panel with tree                
     view when navigating to formxxxrecordId (failed) (attempt 2).png                               
  -  /mnt/c/repos/cma_platform/cma/cypress/screenshots/core/clean-urls.cy.js/Clean UR     (1280x720)
     L Routing -- Record Detail URLs -- should load record in detail panel with tree                
     view when navigating to formxxxrecordId (failed) (attempt 3).png                               
  -  /mnt/c/repos/cma_platform/cma/cypress/screenshots/core/clean-urls.cy.js/Clean UR     (1280x720)
     L Routing -- Record Detail URLs -- should open record detail when clicking table               
      row (failed).png                                                                              
  -  /mnt/c/repos/cma_platform/cma/cypress/screenshots/core/clean-urls.cy.js/Clean UR     (1280x720)
     L Routing -- Record Detail URLs -- should open record detail when clicking table               
      row (failed) (attempt 2).png                                                                  
  -  /mnt/c/repos/cma_platform/cma/cypress/screenshots/core/clean-urls.cy.js/Clean UR     (1280x720)
     L Routing -- Record Detail URLs -- should open record detail when clicking table               
      row (failed) (attempt 3).png                                                                  
  -  /mnt/c/repos/cma_platform/cma/cypress/screenshots/core/clean-urls.cy.js/Clean UR     (1280x720)
     L Routing -- New Record URLs -- should support new URL for new records (failed).               
     png                                                                                            
  -  /mnt/c/repos/cma_platform/cma/cypress/screenshots/core/clean-urls.cy.js/Clean UR     (1280x720)
     L Routing -- New Record URLs -- should support new URL for new records (failed)                
     (attempt 2).png                                                                                
  -  /mnt/c/repos/cma_platform/cma/cypress/screenshots/core/clean-urls.cy.js/Clean UR     (1280x720)
     L Routing -- New Record URLs -- should support new URL for new records (failed)                
     (attempt 3).png                                                                                
  -  /mnt/c/repos/cma_platform/cma/cypress/screenshots/core/clean-urls.cy.js/Clean UR     (1280x720)
     L Routing -- Third Level URL Nesting -- should parse 3-level URLs correctly (fai               
     led).png                                                                                       
  -  /mnt/c/repos/cma_platform/cma/cypress/screenshots/core/clean-urls.cy.js/Clean UR     (1280x720)
     L Routing -- Third Level URL Nesting -- should parse 3-level URLs correctly (fai               
     led) (attempt 2).png                                                                           
  -  /mnt/c/repos/cma_platform/cma/cypress/screenshots/core/clean-urls.cy.js/Clean UR     (1280x720)
     L Routing -- Third Level URL Nesting -- should parse 3-level URLs correctly (fai               
     led) (attempt 3).png                                                                           
  -  /mnt/c/repos/cma_platform/cma/cypress/screenshots/core/clean-urls.cy.js/Clean UR     (1280x720)
     L Routing -- Third Level URL Nesting -- should report correct depth for 3-level                
     URLs (failed).png                                                                              
  -  /mnt/c/repos/cma_platform/cma/cypress/screenshots/core/clean-urls.cy.js/Clean UR     (1280x720)
     L Routing -- Third Level URL Nesting -- should report correct depth for 3-level                
     URLs (failed) (attempt 2).png                                                                  
  -  /mnt/c/repos/cma_platform/cma/cypress/screenshots/core/clean-urls.cy.js/Clean UR     (1280x720)
     L Routing -- Third Level URL Nesting -- should report correct depth for 3-level                
     URLs (failed) (attempt 3).png                                                                  
  -  /mnt/c/repos/cma_platform/cma/cypress/screenshots/core/clean-urls.cy.js/Clean UR     (1280x720)
     L Routing -- Third Level URL Nesting -- should handle 3-level subform URL routin               
     g via IIS (failed).png                                                                         
  -  /mnt/c/repos/cma_platform/cma/cypress/screenshots/core/clean-urls.cy.js/Clean UR     (1280x720)
     L Routing -- Third Level URL Nesting -- should handle 3-level subform URL routin               
     g via IIS (failed) (attempt 2).png                                                             
  -  /mnt/c/repos/cma_platform/cma/cypress/screenshots/core/clean-urls.cy.js/Clean UR     (1280x720)
     L Routing -- Third Level URL Nesting -- should handle 3-level subform URL routin               
     g via IIS (failed) (attempt 3).png                                                             


────────────────────────────────────────────────────────────────────────────────────────────────────
                                                                                                    
  Running:  core/form-helpers.cy.js                                                      (19 of 117)


  Form Helper Functions
    Field Manipulation Functions
      lib_form_findfield()
        ✓ should find field by name (2167ms)
        ✓ should return null for non-existent field (290ms)


  2 passing (3s)


  (Results)

  ┌────────────────────────────────────────────────────────────────────────────────────────────────┐
  │ Tests:        2                                                                                │
  │ Passing:      2                                                                                │
  │ Failing:      0                                                                                │
  │ Pending:      0                                                                                │
  │ Skipped:      0                                                                                │
  │ Screenshots:  0                                                                                │
  │ Video:        false                                                                            │
  │ Duration:     2 seconds                                                                        │
  │ Spec Ran:     core/form-helpers.cy.js                                                          │
  └────────────────────────────────────────────────────────────────────────────────────────────────┘


────────────────────────────────────────────────────────────────────────────────────────────────────
                                                                                                    
  Running:  core/minification.cy.js                                                      (20 of 117)


  Minification
    JS Bundle
      ✓ should serve content from minify.php for JS bundle (152ms)
      ✓ should return valid JavaScript (no PHP errors) (86ms)
      ✓ should combine multiple JS files into one response (67ms)
      ✓ should set cache headers (60ms)
    CSS Bundle
      ✓ should serve content from minify.php for CSS bundle (66ms)
    Bundle Consolidation
      ✓ should NOT load lib-tip.js as a separate script tag (2251ms)
      ✓ should NOT load cma-tours.js as a separate script tag (292ms)
      ✓ should include lib-tip and cma-tours in the minify bundle URL (291ms)
    Error Handling
      (Attempt 1 of 3) should return 404 for non-existent files
      (Attempt 2 of 3) should return 404 for non-existent files
      1) should return 404 for non-existent files
      ✓ should return 400 for missing file parameter (41ms)
      ✓ should return 403 for disallowed extensions (41ms)


  10 passing (5s)
  1 failing

  1) Minification
       Error Handling
         should return 404 for non-existent files:

      AssertionError: expected 500 to equal 404
      + expected - actual

      -500
      +404
      
      at Context.eval (webpack://cma-cypress-tests/./cypress/e2e/core/minification.cy.js:138:35)
      at getRet (http://172.30.208.1:8090/__cypress/runner/cypress_runner.js:120444:20)
      at tryCatcher (http://172.30.208.1:8090/__cypress/runner/cypress_runner.js:1777:23)
      at Promise.attempt.Promise.try (http://172.30.208.1:8090/__cypress/runner/cypress_runner.js:4285:29)
      at Context.thenFn (http://172.30.208.1:8090/__cypress/runner/cypress_runner.js:120455:66)
      at Context.then (http://172.30.208.1:8090/__cypress/runner/cypress_runner.js:120706:21)




  (Results)

  ┌────────────────────────────────────────────────────────────────────────────────────────────────┐
  │ Tests:        11                                                                               │
  │ Passing:      10                                                                               │
  │ Failing:      1                                                                                │
  │ Pending:      0                                                                                │
  │ Skipped:      0                                                                                │
  │ Screenshots:  3                                                                                │
  │ Video:        false                                                                            │
  │ Duration:     5 seconds                                                                        │
  │ Spec Ran:     core/minification.cy.js                                                          │
  └────────────────────────────────────────────────────────────────────────────────────────────────┘


  (Screenshots)

  -  /mnt/c/repos/cma_platform/cma/cypress/screenshots/core/minification.cy.js/Minifi     (1280x720)
     cation -- Error Handling -- should return 404 for non-existent files (failed).pn               
     g                                                                                              
  -  /mnt/c/repos/cma_platform/cma/cypress/screenshots/core/minification.cy.js/Minifi     (1280x720)
     cation -- Error Handling -- should return 404 for non-existent files (failed) (a               
     ttempt 2).png                                                                                  
  -  /mnt/c/repos/cma_platform/cma/cypress/screenshots/core/minification.cy.js/Minifi     (1280x720)
     cation -- Error Handling -- should return 404 for non-existent files (failed) (a               
     ttempt 3).png                                                                                  


────────────────────────────────────────────────────────────────────────────────────────────────────
                                                                                                    
  Running:  core/styling.cy.js                                                           (21 of 117)


  CSS Styling
    Button Styling
      ✓ should have border on buttons (2354ms)
      ✓ should use CSS variable for border color (456ms)
    Toolbar Styling
      ✓ should not display timestamp by default (349ms)

  Form Styling
    ✓ should style input fields consistently (402ms)
    ✓ should style select dropdowns consistently (403ms)

  CSS Variables - Background Colors
    ✓ should define --bg-hover as #d0e8f8 (281ms)
    ✓ should NOT define --bg-active variable (removed) (291ms)

  Button Focus/Active States
    ✓ should NOT shift button position on focus (321ms)
    ✓ should NOT have 2px margin shift on button:active (306ms)
    ✓ should maintain consistent button dimensions during interaction (311ms)

  Control Width Consistency
    CSS Variables
      ✓ should define --icon-btn-width CSS variable (306ms)
      ✓ should define --control-min-width CSS variable (302ms)
    File Input Controls
      ✓ should have consistent min-width on file-input-group (366ms)
      ✓ should have consistent width on file icon buttons (292ms)
    Select2 Controls
      ✓ should have consistent min-width on select2 containers (2643ms)
      ✓ should have input-group with proper min-width when add button present (1356ms)
      ✓ should have add-related button with consistent width (1362ms)
    Text Input Controls
      ✓ should have consistent min-width on text inputs in form fields (307ms)
      ✓ should have width on input[size="50"] (315ms)
    Date Selector Controls
      ✓ should have calendar arrow button with consistent width (306ms)
    Disabled Button Styling
      ✓ should show file-view-btn as disabled when no file (302ms)
      ✓ should show file-clear-btn as disabled when no file (if field not required) (276ms)
      ✓ should have pointer-events:none on disabled file buttons (294ms)
      ✓ should have reduced opacity on disabled file button icons (310ms)

  Disabled Button Hover State
    ✓ should have disabled buttons in storybook (2187ms)
    ✓ should have default cursor on disabled buttons (1787ms)
    ✓ should have reduced opacity on disabled buttons (1668ms)
    ✓ should NOT have hover styles on disabled buttons (CSS rule check) (1668ms)
    ✓ should NOT change background color when hovering disabled button (1939ms)
    ✓ should have btn-primary using --bg-button-primary background (1721ms)
    ✓ should have btn-secondary using --bg-button-secondary background (1696ms)
    ✓ should have btn-cancel using --bg-button-cancel background (1757ms)
    ✓ should have active state box-shadow on btn-primary and btn-secondary (1679ms)

  Storybook Tekstkleuren Dark Mode Toggle
    ✓ should show light hex values in light mode (1218ms)
    ✓ should show dark hex values in dark mode (1351ms)
    ✓ should toggle hex values when switching modes (1470ms)


  36 passing (37s)


  (Results)

  ┌────────────────────────────────────────────────────────────────────────────────────────────────┐
  │ Tests:        36                                                                               │
  │ Passing:      36                                                                               │
  │ Failing:      0                                                                                │
  │ Pending:      0                                                                                │
  │ Skipped:      0                                                                                │
  │ Screenshots:  0                                                                                │
  │ Video:        false                                                                            │
  │ Duration:     37 seconds                                                                       │
  │ Spec Ran:     core/styling.cy.js                                                               │
  └────────────────────────────────────────────────────────────────────────────────────────────────┘


────────────────────────────────────────────────────────────────────────────────────────────────────
                                                                                                    
  Running:  core/table-functions.cy.js                                                   (22 of 117)


  Table Functions
    Filtering Initialization (lib-table)
      ✓ should initialize table with filtering class (3621ms)
      ✓ should add filter dropdowns to column headers (401ms)
      ✓ should add filter icon to headers (354ms)
      ✓ should position filter icon next to header text using inline-flex (411ms)
      ✓ should add export menu to first column (351ms)
      ✓ should apply even/odd row striping via CSS :nth-child (328ms)
    Table Update View (lib-table)
      ✓ should wrap table in lib-table component (323ms)
      ✓ should have refresh method on lib-table component (305ms)
    Table Clean Copy (lib-table export)
      ✓ should have a table element inside lib-table for export (338ms)
      ✓ should have filter UI elements that would be removed in export (369ms)
    Export Cell Value Extraction
      ✓ should extract href from links (315ms)
      ✓ should export Ja/Nee for checkboxes (336ms)
      ✓ should extract input values (317ms)
      ✓ should extract selected option text from selects (344ms)
      ✓ should extract lib-switch checked state (354ms)
      ✓ should skip # and javascript:void links and fall back to innerText (335ms)
      ✓ should return plain text for cells without controls (342ms)
    lib-table Filter Component
      ✓ should be registered as custom element (342ms)
      ✓ should handle column selector option (329ms)
    Filter Collection Behavior
      ✓ should have select-all checkbox (1228ms)
    Column Sorting Behavior
      ✓ should show sort options in dropdown (469ms)
      ✓ should perform A-Z sort (2109ms)
      ✓ should perform Z-A sort (1785ms)
      ✓ should clear previous sort when sorting different column (3423ms)
    Filter Search Input
      ✓ should have search input in filter dropdown (449ms)
    Export Menu
      ✓ should have export menu in first column (355ms)
      (Attempt 1 of 3) should toggle export menu on click
      (Attempt 2 of 3) should toggle export menu on click
      1) should toggle export menu on click
      (Attempt 1 of 3) should have Excel export option
      (Attempt 2 of 3) should have Excel export option
      2) should have Excel export option
      (Attempt 1 of 3) should have CSV export option
      (Attempt 2 of 3) should have CSV export option
      3) should have CSV export option
      (Attempt 1 of 3) should have Word export option
      (Attempt 2 of 3) should have Word export option
      4) should have Word export option
      (Attempt 1 of 3) should close export menu when clicking outside
      (Attempt 2 of 3) should close export menu when clicking outside
      5) should close export menu when clicking outside


  26 passing (3m)
  5 failing

  1) Table Functions
       Export Menu
         should toggle export menu on click:
     CypressError: Timed out retrying after 10050ms: `cy.click()` failed because the center of this element is hidden from view:

`<div class="menutrigger">...</div>`

Fix this problem, or use `{force: true}` to disable error checking.

https://on.cypress.io/element-cannot-be-interacted-with
      at ensureIsDescendent (http://172.30.208.1:8090/__cypress/runner/cypress_runner.js:112791:66)
      at ensureDescendents (http://172.30.208.1:8090/__cypress/runner/cypress_runner.js:112827:5)
      at ensureDescendentsAndScroll (http://172.30.208.1:8090/__cypress/runner/cypress_runner.js:112833:14)
      at ensureElIsNotCovered (http://172.30.208.1:8090/__cypress/runner/cypress_runner.js:112964:5)
      at runAllChecks (http://172.30.208.1:8090/__cypress/runner/cypress_runner.js:113163:52)
      at retryActionability (http://172.30.208.1:8090/__cypress/runner/cypress_runner.js:113201:16)
      at tryCatcher (http://172.30.208.1:8090/__cypress/runner/cypress_runner.js:1777:23)
      at Promise.attempt.Promise.try (http://172.30.208.1:8090/__cypress/runner/cypress_runner.js:4285:29)
      at whenStable (http://172.30.208.1:8090/__cypress/runner/cypress_runner.js:154649:70)
      at <unknown> (http://172.30.208.1:8090/__cypress/runner/cypress_runner.js:154549:14)
      at tryCatcher (http://172.30.208.1:8090/__cypress/runner/cypress_runner.js:1777:23)
      at Promise._settlePromiseFromHandler (http://172.30.208.1:8090/__cypress/runner/cypress_runner.js:1489:31)
      at Promise._settlePromise (http://172.30.208.1:8090/__cypress/runner/cypress_runner.js:1546:18)
      at Promise._settlePromise0 (http://172.30.208.1:8090/__cypress/runner/cypress_runner.js:1591:10)
      at Promise._settlePromises (http://172.30.208.1:8090/__cypress/runner/cypress_runner.js:1671:18)
      at Promise._fulfill (http://172.30.208.1:8090/__cypress/runner/cypress_runner.js:1615:18)
      at <unknown> (http://172.30.208.1:8090/__cypress/runner/cypress_runner.js:5420:46)
  From Your Spec Code:
      at Object.proxyGetter [as get] (http://172.30.208.1:8090/__cypress/runner/cypress_runner.js:78698:22)
      at exists (http://172.30.208.1:8090/__cypress/runner/cypress_runner.js:153745:26)
      at elExists (http://172.30.208.1:8090/__cypress/runner/cypress_runner.js:153760:10)
      at ensureExistence (http://172.30.208.1:8090/__cypress/runner/cypress_runner.js:153941:22)
      at onFailFn (http://172.30.208.1:8090/__cypress/runner/cypress_runner.js:153970:53)

  2) Table Functions
       Export Menu
         should have Excel export option:
     CypressError: Timed out retrying after 10050ms: `cy.click()` failed because the center of this element is hidden from view:

`<div class="menutrigger">...</div>`

Fix this problem, or use `{force: true}` to disable error checking.

https://on.cypress.io/element-cannot-be-interacted-with
      at ensureIsDescendent (http://172.30.208.1:8090/__cypress/runner/cypress_runner.js:112791:66)
      at ensureDescendents (http://172.30.208.1:8090/__cypress/runner/cypress_runner.js:112827:5)
      at ensureDescendentsAndScroll (http://172.30.208.1:8090/__cypress/runner/cypress_runner.js:112833:14)
      at ensureElIsNotCovered (http://172.30.208.1:8090/__cypress/runner/cypress_runner.js:112964:5)
      at runAllChecks (http://172.30.208.1:8090/__cypress/runner/cypress_runner.js:113163:52)
      at retryActionability (http://172.30.208.1:8090/__cypress/runner/cypress_runner.js:113201:16)
      at tryCatcher (http://172.30.208.1:8090/__cypress/runner/cypress_runner.js:1777:23)
      at Promise.attempt.Promise.try (http://172.30.208.1:8090/__cypress/runner/cypress_runner.js:4285:29)
      at whenStable (http://172.30.208.1:8090/__cypress/runner/cypress_runner.js:154649:70)
      at <unknown> (http://172.30.208.1:8090/__cypress/runner/cypress_runner.js:154549:14)
      at tryCatcher (http://172.30.208.1:8090/__cypress/runner/cypress_runner.js:1777:23)
      at Promise._settlePromiseFromHandler (http://172.30.208.1:8090/__cypress/runner/cypress_runner.js:1489:31)
      at Promise._settlePromise (http://172.30.208.1:8090/__cypress/runner/cypress_runner.js:1546:18)
      at Promise._settlePromise0 (http://172.30.208.1:8090/__cypress/runner/cypress_runner.js:1591:10)
      at Promise._settlePromises (http://172.30.208.1:8090/__cypress/runner/cypress_runner.js:1671:18)
      at Promise._fulfill (http://172.30.208.1:8090/__cypress/runner/cypress_runner.js:1615:18)
      at <unknown> (http://172.30.208.1:8090/__cypress/runner/cypress_runner.js:5420:46)
  From Your Spec Code:
      at Object.proxyGetter [as get] (http://172.30.208.1:8090/__cypress/runner/cypress_runner.js:78698:22)
      at exists (http://172.30.208.1:8090/__cypress/runner/cypress_runner.js:153745:26)
      at elExists (http://172.30.208.1:8090/__cypress/runner/cypress_runner.js:153760:10)
      at ensureExistence (http://172.30.208.1:8090/__cypress/runner/cypress_runner.js:153941:22)
      at onFailFn (http://172.30.208.1:8090/__cypress/runner/cypress_runner.js:153970:53)

  3) Table Functions
       Export Menu
         should have CSV export option:
     CypressError: Timed out retrying after 10050ms: `cy.click()` failed because the center of this element is hidden from view:

`<div class="menutrigger">...</div>`

Fix this problem, or use `{force: true}` to disable error checking.

https://on.cypress.io/element-cannot-be-interacted-with
      at ensureIsDescendent (http://172.30.208.1:8090/__cypress/runner/cypress_runner.js:112791:66)
      at ensureDescendents (http://172.30.208.1:8090/__cypress/runner/cypress_runner.js:112827:5)
      at ensureDescendentsAndScroll (http://172.30.208.1:8090/__cypress/runner/cypress_runner.js:112833:14)
      at ensureElIsNotCovered (http://172.30.208.1:8090/__cypress/runner/cypress_runner.js:112964:5)
      at runAllChecks (http://172.30.208.1:8090/__cypress/runner/cypress_runner.js:113163:52)
      at retryActionability (http://172.30.208.1:8090/__cypress/runner/cypress_runner.js:113201:16)
      at tryCatcher (http://172.30.208.1:8090/__cypress/runner/cypress_runner.js:1777:23)
      at Promise.attempt.Promise.try (http://172.30.208.1:8090/__cypress/runner/cypress_runner.js:4285:29)
      at whenStable (http://172.30.208.1:8090/__cypress/runner/cypress_runner.js:154649:70)
      at <unknown> (http://172.30.208.1:8090/__cypress/runner/cypress_runner.js:154549:14)
      at tryCatcher (http://172.30.208.1:8090/__cypress/runner/cypress_runner.js:1777:23)
      at Promise._settlePromiseFromHandler (http://172.30.208.1:8090/__cypress/runner/cypress_runner.js:1489:31)
      at Promise._settlePromise (http://172.30.208.1:8090/__cypress/runner/cypress_runner.js:1546:18)
      at Promise._settlePromise0 (http://172.30.208.1:8090/__cypress/runner/cypress_runner.js:1591:10)
      at Promise._settlePromises (http://172.30.208.1:8090/__cypress/runner/cypress_runner.js:1671:18)
      at Promise._fulfill (http://172.30.208.1:8090/__cypress/runner/cypress_runner.js:1615:18)
      at <unknown> (http://172.30.208.1:8090/__cypress/runner/cypress_runner.js:5420:46)
  From Your Spec Code:
      at Object.proxyGetter [as get] (http://172.30.208.1:8090/__cypress/runner/cypress_runner.js:78698:22)
      at exists (http://172.30.208.1:8090/__cypress/runner/cypress_runner.js:153745:26)
      at elExists (http://172.30.208.1:8090/__cypress/runner/cypress_runner.js:153760:10)
      at ensureExistence (http://172.30.208.1:8090/__cypress/runner/cypress_runner.js:153941:22)
      at onFailFn (http://172.30.208.1:8090/__cypress/runner/cypress_runner.js:153970:53)

  4) Table Functions
       Export Menu
         should have Word export option:
     CypressError: Timed out retrying after 10050ms: `cy.click()` failed because the center of this element is hidden from view:

`<div class="menutrigger">...</div>`

Fix this problem, or use `{force: true}` to disable error checking.

https://on.cypress.io/element-cannot-be-interacted-with
      at ensureIsDescendent (http://172.30.208.1:8090/__cypress/runner/cypress_runner.js:112791:66)
      at ensureDescendents (http://172.30.208.1:8090/__cypress/runner/cypress_runner.js:112827:5)
      at ensureDescendentsAndScroll (http://172.30.208.1:8090/__cypress/runner/cypress_runner.js:112833:14)
      at ensureElIsNotCovered (http://172.30.208.1:8090/__cypress/runner/cypress_runner.js:112964:5)
      at runAllChecks (http://172.30.208.1:8090/__cypress/runner/cypress_runner.js:113163:52)
      at retryActionability (http://172.30.208.1:8090/__cypress/runner/cypress_runner.js:113201:16)
      at tryCatcher (http://172.30.208.1:8090/__cypress/runner/cypress_runner.js:1777:23)
      at Promise.attempt.Promise.try (http://172.30.208.1:8090/__cypress/runner/cypress_runner.js:4285:29)
      at whenStable (http://172.30.208.1:8090/__cypress/runner/cypress_runner.js:154649:70)
      at <unknown> (http://172.30.208.1:8090/__cypress/runner/cypress_runner.js:154549:14)
      at tryCatcher (http://172.30.208.1:8090/__cypress/runner/cypress_runner.js:1777:23)
      at Promise._settlePromiseFromHandler (http://172.30.208.1:8090/__cypress/runner/cypress_runner.js:1489:31)
      at Promise._settlePromise (http://172.30.208.1:8090/__cypress/runner/cypress_runner.js:1546:18)
      at Promise._settlePromise0 (http://172.30.208.1:8090/__cypress/runner/cypress_runner.js:1591:10)
      at Promise._settlePromises (http://172.30.208.1:8090/__cypress/runner/cypress_runner.js:1671:18)
      at Promise._fulfill (http://172.30.208.1:8090/__cypress/runner/cypress_runner.js:1615:18)
      at <unknown> (http://172.30.208.1:8090/__cypress/runner/cypress_runner.js:5420:46)
  From Your Spec Code:
      at Object.proxyGetter [as get] (http://172.30.208.1:8090/__cypress/runner/cypress_runner.js:78698:22)
      at exists (http://172.30.208.1:8090/__cypress/runner/cypress_runner.js:153745:26)
      at elExists (http://172.30.208.1:8090/__cypress/runner/cypress_runner.js:153760:10)
      at ensureExistence (http://172.30.208.1:8090/__cypress/runner/cypress_runner.js:153941:22)
      at onFailFn (http://172.30.208.1:8090/__cypress/runner/cypress_runner.js:153970:53)

  5) Table Functions
       Export Menu
         should close export menu when clicking outside:
     CypressError: Timed out retrying after 10050ms: `cy.click()` failed because the center of this element is hidden from view:

`<div class="menutrigger">...</div>`

Fix this problem, or use `{force: true}` to disable error checking.

https://on.cypress.io/element-cannot-be-interacted-with
      at ensureIsDescendent (http://172.30.208.1:8090/__cypress/runner/cypress_runner.js:112791:66)
      at ensureDescendents (http://172.30.208.1:8090/__cypress/runner/cypress_runner.js:112827:5)
      at ensureDescendentsAndScroll (http://172.30.208.1:8090/__cypress/runner/cypress_runner.js:112833:14)
      at ensureElIsNotCovered (http://172.30.208.1:8090/__cypress/runner/cypress_runner.js:112964:5)
      at runAllChecks (http://172.30.208.1:8090/__cypress/runner/cypress_runner.js:113163:52)
      at retryActionability (http://172.30.208.1:8090/__cypress/runner/cypress_runner.js:113201:16)
      at tryCatcher (http://172.30.208.1:8090/__cypress/runner/cypress_runner.js:1777:23)
      at Promise.attempt.Promise.try (http://172.30.208.1:8090/__cypress/runner/cypress_runner.js:4285:29)
      at whenStable (http://172.30.208.1:8090/__cypress/runner/cypress_runner.js:154649:70)
      at <unknown> (http://172.30.208.1:8090/__cypress/runner/cypress_runner.js:154549:14)
      at tryCatcher (http://172.30.208.1:8090/__cypress/runner/cypress_runner.js:1777:23)
      at Promise._settlePromiseFromHandler (http://172.30.208.1:8090/__cypress/runner/cypress_runner.js:1489:31)
      at Promise._settlePromise (http://172.30.208.1:8090/__cypress/runner/cypress_runner.js:1546:18)
      at Promise._settlePromise0 (http://172.30.208.1:8090/__cypress/runner/cypress_runner.js:1591:10)
      at Promise._settlePromises (http://172.30.208.1:8090/__cypress/runner/cypress_runner.js:1671:18)
      at Promise._fulfill (http://172.30.208.1:8090/__cypress/runner/cypress_runner.js:1615:18)
      at <unknown> (http://172.30.208.1:8090/__cypress/runner/cypress_runner.js:5420:46)
  From Your Spec Code:
      at Object.proxyGetter [as get] (http://172.30.208.1:8090/__cypress/runner/cypress_runner.js:78698:22)
      at exists (http://172.30.208.1:8090/__cypress/runner/cypress_runner.js:153745:26)
      at elExists (http://172.30.208.1:8090/__cypress/runner/cypress_runner.js:153760:10)
      at ensureExistence (http://172.30.208.1:8090/__cypress/runner/cypress_runner.js:153941:22)
      at onFailFn (http://172.30.208.1:8090/__cypress/runner/cypress_runner.js:153970:53)




  (Results)

  ┌────────────────────────────────────────────────────────────────────────────────────────────────┐
  │ Tests:        31                                                                               │
  │ Passing:      26                                                                               │
  │ Failing:      5                                                                                │
  │ Pending:      0                                                                                │
  │ Skipped:      0                                                                                │
  │ Screenshots:  15                                                                               │
  │ Video:        false                                                                            │
  │ Duration:     3 minutes, 10 seconds                                                            │
  │ Spec Ran:     core/table-functions.cy.js                                                       │
  └────────────────────────────────────────────────────────────────────────────────────────────────┘


  (Screenshots)

  -  /mnt/c/repos/cma_platform/cma/cypress/screenshots/core/table-functions.cy.js/Tab     (1280x720)
     le Functions -- Export Menu -- should toggle export menu on click (failed).png                 
  -  /mnt/c/repos/cma_platform/cma/cypress/screenshots/core/table-functions.cy.js/Tab     (1280x720)
     le Functions -- Export Menu -- should toggle export menu on click (failed) (atte               
     mpt 2).png                                                                                     
  -  /mnt/c/repos/cma_platform/cma/cypress/screenshots/core/table-functions.cy.js/Tab     (1280x720)
     le Functions -- Export Menu -- should toggle export menu on click (failed) (atte               
     mpt 3).png                                                                                     
  -  /mnt/c/repos/cma_platform/cma/cypress/screenshots/core/table-functions.cy.js/Tab     (1280x720)
     le Functions -- Export Menu -- should have Excel export option (failed).png                    
  -  /mnt/c/repos/cma_platform/cma/cypress/screenshots/core/table-functions.cy.js/Tab     (1280x720)
     le Functions -- Export Menu -- should have Excel export option (failed) (attempt               
      2).png                                                                                        
  -  /mnt/c/repos/cma_platform/cma/cypress/screenshots/core/table-functions.cy.js/Tab     (1280x720)
     le Functions -- Export Menu -- should have Excel export option (failed) (attempt               
      3).png                                                                                        
  -  /mnt/c/repos/cma_platform/cma/cypress/screenshots/core/table-functions.cy.js/Tab     (1280x720)
     le Functions -- Export Menu -- should have CSV export option (failed).png                      
  -  /mnt/c/repos/cma_platform/cma/cypress/screenshots/core/table-functions.cy.js/Tab     (1280x720)
     le Functions -- Export Menu -- should have CSV export option (failed) (attempt 2               
     ).png                                                                                          
  -  /mnt/c/repos/cma_platform/cma/cypress/screenshots/core/table-functions.cy.js/Tab     (1280x720)
     le Functions -- Export Menu -- should have CSV export option (failed) (attempt 3               
     ).png                                                                                          
  -  /mnt/c/repos/cma_platform/cma/cypress/screenshots/core/table-functions.cy.js/Tab     (1280x720)
     le Functions -- Export Menu -- should have Word export option (failed).png                     
  -  /mnt/c/repos/cma_platform/cma/cypress/screenshots/core/table-functions.cy.js/Tab     (1280x720)
     le Functions -- Export Menu -- should have Word export option (failed) (attempt                
     2).png                                                                                         
  -  /mnt/c/repos/cma_platform/cma/cypress/screenshots/core/table-functions.cy.js/Tab     (1280x720)
     le Functions -- Export Menu -- should have Word export option (failed) (attempt                
     3).png                                                                                         
  -  /mnt/c/repos/cma_platform/cma/cypress/screenshots/core/table-functions.cy.js/Tab     (1280x720)
     le Functions -- Export Menu -- should close export menu when clicking outside (f               
     ailed).png                                                                                     
  -  /mnt/c/repos/cma_platform/cma/cypress/screenshots/core/table-functions.cy.js/Tab     (1280x720)
     le Functions -- Export Menu -- should close export menu when clicking outside (f               
     ailed) (attempt 2).png                                                                         
  -  /mnt/c/repos/cma_platform/cma/cypress/screenshots/core/table-functions.cy.js/Tab     (1280x720)
     le Functions -- Export Menu -- should close export menu when clicking outside (f               
     ailed) (attempt 3).png                                                                         


────────────────────────────────────────────────────────────────────────────────────────────────────
                                                                                                    
  Running:  core/utility-functions.cy.js                                                 (23 of 117)


  Core Utility Functions
    String Functions
      lib_trim()
        ✓ should trim whitespace from both ends (3070ms)
        ✓ should handle empty strings (382ms)
      lib_left()
        ✓ should return leftmost n characters (378ms)
        ✓ should handle zero and negative values (337ms)
      lib_right()
        ✓ should return rightmost n characters (326ms)
        ✓ should handle zero value (343ms)
      lib_htmlencode()
        ✓ should encode HTML special characters (335ms)
        ✓ should encode ampersands (324ms)
        ✓ should encode quotes (318ms)
        ✓ should handle plain text unchanged (338ms)
      lib_encode_to_html()
        ✓ should convert newlines to <br> (320ms)
      CMA.util.replaceString()
        ✓ should replace all occurrences of a string (333ms)
        ✓ should handle no matches (318ms)
    Number Functions
      lib_NumberFormat()
        ✓ should format numbers with specified decimal places (348ms)
        ✓ should handle zero (345ms)
        ✓ should handle negative numbers (350ms)
      lib_dropLeadingZeros()
        ✓ should remove leading zeros from numbers (363ms)
        ✓ should handle single zero (392ms)
    Array Functions
      lib_array_find()
        ✓ should find value in array and return index (356ms)
        ✓ should return -1 for not found (343ms)
        ✓ should handle empty array (322ms)
      lib_array_split()
        ✓ should split comma-separated string into array (352ms)
        ✓ should handle single value (329ms)
    Cookie Functions
      lib_createCookie() and lib_readCookie()
        ✓ should create and read a cookie (331ms)
        ✓ should return null for non-existent cookie (315ms)
      lib_eraseCookie()
        ✓ should delete a cookie (331ms)
      CMA.util.setCookie() and CMA.util.getCookie()
        ✓ should set and get cookies via CMA.util (302ms)
    LocalStorage Functions
      lib_storage_set() and lib_storage_get()
        ✓ should store and retrieve values from localStorage (333ms)
        ✓ should use prefix for storage keys (333ms)
        ✓ should return null for non-existent key (343ms)
      lib_storage_remove()
        ✓ should remove item from localStorage (370ms)
    Window/Screen Dimension Functions
      lib_window_height()
        ✓ should return a positive number (316ms)
        ✓ should return reasonable viewport height (327ms)
      lib_window_width()
        ✓ should return a positive number (333ms)
        ✓ should return reasonable viewport width (376ms)
      lib_screen_height()
        ✓ should return screen height (331ms)
      lib_screen_width()
        ✓ should return screen width (316ms)
    DOM Helper Functions
      my$()
        ✓ should return element by ID (shorthand for getElementById) (307ms)
        ✓ should return null for non-existent ID (294ms)
      lib_DOM_getElementsByClass()
        ✓ should find elements by class name (317ms)
        ✓ should return empty array if no matches (306ms)
      lib_getAbsoluteOffsetTop()
        ✓ should return absolute top offset of element (324ms)
      lib_getAbsoluteOffsetLeft()
        ✓ should return absolute left offset of element (321ms)
    URL/QueryString Functions
      lib_SetQueryStringParameter()
        ✓ should add parameter to URL without query string (336ms)
        ✓ should add parameter to URL with existing query string (304ms)
        ✓ should replace existing parameter value (312ms)
    Form Validation Functions
      lib_form_valid_email()
        ✓ should validate correct email addresses (310ms)
        ✓ should reject invalid email addresses (322ms)
        ✓ should handle empty input (330ms)
    Scrolling Functions
      lib_scrolltop()
        ✓ should return current scroll position (322ms)
    Keyboard Event Functions
      lib_event_get_key()
        ✓ should extract key code from keyboard event (316ms)
        ✓ should handle different key codes (315ms)
    CMA Namespace Functions
      CMA.ready()
        ✓ should execute callback when DOM is ready (481ms)
      CMA namespace structure
        ✓ should have all expected modules (345ms)
        ✓ CMA.util should have expected methods (321ms)
        ✓ CMA.groups should have expected methods (315ms)
    Alertbox Functions
      lib_alertbox()
        ✓ should create an alert dialog using lib-dialog (448ms)
        ✓ should display the message text (453ms)
        ✓ should show correct title (473ms)
    Event Helper Functions
      addEvent() / lib_addEvent()
        ✓ should attach event listeners to elements (317ms)
    Browser Detection Functions
      lib_IEVersion()
        ✓ should return a number (IE version or 0) (299ms)

  Global Function Aliases (Legacy Compatibility)
    Tree Functions
      ✓ fExpandAll()/fCollapseAll() should be defined (drive <cma-tree>) (313ms)
    Form Functions
      ✓ form_dirty() should be defined (325ms)
      ✓ form_change_init() should be defined (327ms)
    Toolbar Functions
      ✓ tbHi() should be defined (324ms)
      ✓ tb_DoSave() should be defined (331ms)
    Menu Functions
      ✓ form() should be defined (navigation function) (324ms)

  Window Global Functions
    Navigation Functions
      ✓ loadPage() should be defined (309ms)
      ✓ loadPagePost() should be defined (314ms)
      ✓ toggleSidebar() should be defined (324ms)
      ✓ toggleMenuGroup() should be defined (317ms)
      ✓ CmaErrorHandler should be loaded before the main bundle (373ms)
    toggleSidebar() functionality
      ✓ should toggle sidebar visibility (380ms)
    openPasswordModal()
      ✓ should be defined (340ms)


  74 passing (40s)


  (Results)

  ┌────────────────────────────────────────────────────────────────────────────────────────────────┐
  │ Tests:        74                                                                               │
  │ Passing:      74                                                                               │
  │ Failing:      0                                                                                │
  │ Pending:      0                                                                                │
  │ Skipped:      0                                                                                │
  │ Screenshots:  0                                                                                │
  │ Video:        false                                                                            │
  │ Duration:     40 seconds                                                                       │
  │ Spec Ran:     core/utility-functions.cy.js                                                     │
  └────────────────────────────────────────────────────────────────────────────────────────────────┘


────────────────────────────────────────────────────────────────────────────────────────────────────
                                                                                                    
  Running:  integration/dashboard.cy.js                                                  (24 of 117)


  Dashboard
    Layout
      ✓ should load dashboard container (3902ms)
      ✓ should display dashboard cards/sections (399ms)
      ✓ should show a group icon on every menu card header (542ms)
    User Widgets
      ✓ should display Vaak gebruikt (Frequent Forms) section (409ms)
      ✓ should load frequent forms data (696ms)
      ✓ should display Mijn recente activiteit (Recent Activity) section (467ms)
      ✓ should right-align the recent activity header action icons (613ms)
      ✓ should load recent activity data (520ms)
    Admin Widgets
      ✓ should display health stats widget (421ms)
      ✓ should display cache stats widget (439ms)
      ✓ should display activity stats widget (638ms)
      ✓ should display forms stats widget (443ms)
      ✓ should display security stats widget (411ms)
      (Attempt 1 of 3) should load all admin widgets data
      (Attempt 2 of 3) should load all admin widgets data
      1) should load all admin widgets data
    Developer Widgets
      ✓ should display performance stats widget for developers (587ms)
      ✓ should load performance data (609ms)
      ✓ should have API popup overlay present if implemented (447ms)
      - should make slow API calls clickable when present
      - should open API popup when clicking slow API link
      - should close API popup when clicking close button
      - should make slow SQL queries clickable when present
    Quick Access (Admin)
      ✓ should display quick access section for admins (351ms)
      ✓ should have clickable quick access cards (363ms)
      ✓ should display icons in quick access cards (333ms)
      ✓ should have Users link in quick access (326ms)
      ✓ should have Groups link in quick access (350ms)
      ✓ should have Tools link in quick access (331ms)
    Migration Notification
      ✓ should display migration notification if there are pending migrations (259ms)
    Logging Notification
      ✓ should have loggingNotice element in DOM (353ms)
      ✓ should be hidden initially until stats are loaded (334ms)
      ✓ should show notification when verbose logging is enabled (678ms)
      ✓ should have clickable link to preferences (370ms)
    Error Popup
      ✓ should show errors button when there are errors (969ms)
    Responsive Layout
      ✓ should adapt to mobile viewport (943ms)
      ✓ should adapt to tablet viewport (948ms)
      ✓ should stack stats grid on mobile (959ms)

  Dashboard (Regular User)
    ✓ should display menu grid for regular users (257ms)
    ✓ should display frequent forms section for all users (328ms)
    ✓ should display recent activity section for all users (336ms)
    ✓ should NOT display admin stats widgets for regular users (264ms)

  Dashboard APIs
    ✓ should return dashboard stats from API (495ms)
    ✓ should return user forms from API (213ms)
    ✓ should return user activity from API (168ms)


  38 passing (1m)
  4 pending
  1 failing

  1) Dashboard
       Admin Widgets
         should load all admin widgets data:
     AssertionError: Timed out retrying after 10000ms: expected '<div#cacheStats.stats-card-body>' not to contain 'Laden'
      at Context.eval (webpack://cma-cypress-tests/./cypress/e2e/integration/dashboard.cy.js:119:48)




  (Results)

  ┌────────────────────────────────────────────────────────────────────────────────────────────────┐
  │ Tests:        43                                                                               │
  │ Passing:      38                                                                               │
  │ Failing:      1                                                                                │
  │ Pending:      4                                                                                │
  │ Skipped:      0                                                                                │
  │ Screenshots:  3                                                                                │
  │ Video:        false                                                                            │
  │ Duration:     1 minute, 2 seconds                                                              │
  │ Spec Ran:     integration/dashboard.cy.js                                                      │
  └────────────────────────────────────────────────────────────────────────────────────────────────┘


  (Screenshots)

  -  /mnt/c/repos/cma_platform/cma/cypress/screenshots/integration/dashboard.cy.js/Da     (1280x720)
     shboard -- Admin Widgets -- should load all admin widgets data (failed).png                    
  -  /mnt/c/repos/cma_platform/cma/cypress/screenshots/integration/dashboard.cy.js/Da     (1280x720)
     shboard -- Admin Widgets -- should load all admin widgets data (failed) (attempt               
      2).png                                                                                        
  -  /mnt/c/repos/cma_platform/cma/cypress/screenshots/integration/dashboard.cy.js/Da     (1280x720)
     shboard -- Admin Widgets -- should load all admin widgets data (failed) (attempt               
      3).png                                                                                        


────────────────────────────────────────────────────────────────────────────────────────────────────
                                                                                                    
  Running:  integration/main-workflow.cy.js                                              (25 of 117)


  CMA Integration Test
    1. Authentication
      ✓ should show login page when not authenticated (597ms)
      ✓ should login successfully and show main page (1503ms)
    2. Sidebar Navigation
      ✓ should display sidebar with menu groups (2970ms)
      ✓ should expand/collapse menu groups using data-menu-id (667ms)
      ✓ should collapse/expand sidebar using toggle button (834ms)
      ✓ should show popup menu when sidebar collapsed (649ms)
      ✓ should show user dropdown on hover or click (326ms)
    3. Form Views
      ✓ should display table view with data (399ms)
      ✓ should have sortable columns (368ms)
      ✓ should open detail view when clicking a record (573ms)
      ✓ should display form layout structure (306ms)
    4. Field Types
      ✓ should render form fields in detail view (449ms)
      ✓ should render date fields with datepicker (437ms)
    5. Search Panel
      ✓ should toggle search panel visibility (431ms)
      ✓ should trigger search on button click (542ms)
    6. Table Features
      ✓ should have table rows with data (351ms)
      ✓ should have editable table structure (334ms)
    7. Tools Page
      (Attempt 1 of 3) should display tools tree
      (Attempt 2 of 3) should display tools tree
      1) "before each" hook for "should display tools tree"
    8. Toolbar Actions
      ✓ should display toolbar with action buttons (296ms)
      ✓ should have toolbar buttons with icons (280ms)
    9. Subforms
      ✓ should display subform tabs when record has subforms (483ms)
    10. Preferences
      ✓ should open preferences page (661ms)
      ✓ should have lib-switch components (304ms)
      ✓ should save preferences via toolbar button (2398ms)
    11. Logout
      ✓ should logout and redirect to login page (420ms)


  24 passing (50s)
  1 failing

  1) CMA Integration Test
       7. Tools Page
         "before each" hook for "should display tools tree":
     AssertionError: Timed out retrying after 10000ms: Expected to find element: `#tools-tree`, but never found it.

Because this error occurred during a `before each` hook we are skipping the remaining tests in the current suite: `7. Tools Page`
      at Context.eval (webpack://cma-cypress-tests/./cypress/e2e/integration/main-workflow.cy.js:219:48)




  (Results)

  ┌────────────────────────────────────────────────────────────────────────────────────────────────┐
  │ Tests:        27                                                                               │
  │ Passing:      24                                                                               │
  │ Failing:      1                                                                                │
  │ Pending:      0                                                                                │
  │ Skipped:      2                                                                                │
  │ Screenshots:  3                                                                                │
  │ Video:        false                                                                            │
  │ Duration:     50 seconds                                                                       │
  │ Spec Ran:     integration/main-workflow.cy.js                                                  │
  └────────────────────────────────────────────────────────────────────────────────────────────────┘


  (Screenshots)

  -  /mnt/c/repos/cma_platform/cma/cypress/screenshots/integration/main-workflow.cy.j     (1280x720)
     s/CMA Integration Test -- 7. Tools Page -- should display tools tree (failed).pn               
     g                                                                                              
  -  /mnt/c/repos/cma_platform/cma/cypress/screenshots/integration/main-workflow.cy.j     (1280x720)
     s/CMA Integration Test -- 7. Tools Page -- should display tools tree (failed) (a               
     ttempt 2).png                                                                                  
  -  /mnt/c/repos/cma_platform/cma/cypress/screenshots/integration/main-workflow.cy.j     (1280x720)
     s/CMA Integration Test -- 7. Tools Page -- should display tools tree -- before e               
     ach hook (failed) (attempt 3).png                                                              


────────────────────────────────────────────────────────────────────────────────────────────────────
                                                                                                    
  Running:  integration/user-workflows.cy.js                                             (26 of 117)


  CMA User Workflows
    1. Table Sorting
      ✓ should have sortable column headers (2569ms)
      ✓ should sort table when clicking column header (990ms)
      ✓ should toggle sort direction on second click (551ms)
    2. Column Management
      ✓ should have column selector button in toolbar (344ms)
      ✓ should trigger column selector action when clicking button (1489ms)
      ✓ should have table with multiple columns (395ms)
      ✓ should display column headers (394ms)
    3. Search and Filtering
      ✓ should toggle search panel visibility (584ms)
      ✓ should have filter fields in search panel (499ms)
      ✓ should filter results when searching (2740ms)
      ✓ should clear filters (609ms)
    4. Pagination
      ✓ should display pagination controls if multiple pages exist (337ms)
      ✓ should show record count if available (371ms)
      ✓ should navigate to next page if available (379ms)
    5. View Mode Switching
      ✓ should have view mode toggle buttons (377ms)
      ✓ should switch to table view (948ms)
      ✓ should switch to tree view if available (1456ms)
    6. Detail View Navigation
      ✓ should open detail view when clicking a record (604ms)
      ✓ should display form fields in detail view (1871ms)
      ✓ should have back/cancel button to return to list (454ms)
      ✓ should return to list view when clicking cancel (531ms)
    7. Subform Tabs
      ✓ should display subform tabs (524ms)
      ✓ should have tab items defined (510ms)
      ✓ should switch between tabs via click (534ms)
      ✓ should load subform content when tab is clicked (550ms)
    8. Form Field Interactions
      ✓ should have text input fields (530ms)
      ✓ should have dropdown/select fields (481ms)
      ✓ should have date fields with calendar trigger (455ms)
      ✓ should have select2 dropdowns (537ms)
    9. Breadcrumb Navigation
      ✓ should display breadcrumb (349ms)
      (Attempt 1 of 3) should update breadcrumb when navigating to form
      (Attempt 2 of 3) should update breadcrumb when navigating to form
      1) should update breadcrumb when navigating to form
      (Attempt 1 of 3) should update breadcrumb when opening different forms
      (Attempt 2 of 3) should update breadcrumb when opening different forms
      2) should update breadcrumb when opening different forms
    10. Keyboard Navigation
      ✓ should support keyboard shortcuts in search panel (821ms)
      ✓ should trigger search on Enter in search field (545ms)
      ✓ should have focusable form fields (1188ms)
    11. Notifications and Feedback
      ✓ should have toaster API available for notifications (356ms)
      ✓ should show loading state while content loads (322ms)
    12. User Preferences
      ✓ should display preferences form (1230ms)
      ✓ should have toggle switches (lib-switch) (520ms)
      ✓ should toggle switch state on click (466ms)
      ✓ should have save button in toolbar (326ms)
    13. Responsive Behavior
      ✓ should have mobile menu button (269ms)
      ✓ should collapse sidebar on mobile viewport (254ms)
      ✓ should show sidebar when hamburger menu clicked on mobile (367ms)
    14. Tree Navigation
      (Attempt 1 of 3) should display tree structure
      (Attempt 2 of 3) should display tree structure
      3) "before each" hook for "should display tree structure"
    15. Menu Navigation
      ✓ should load content when clicking menu item (468ms)
      ✓ should highlight active menu item (1512ms)
      ✓ should expand menu group when clicking header (437ms)
      ✓ should show menu popup when sidebar is collapsed (451ms)


  46 passing (2m)
  3 failing

  1) CMA User Workflows
       9. Breadcrumb Navigation
         should update breadcrumb when navigating to form:
     AssertionError: Timed out retrying after 10000ms: expected '<div#menuGroup-14.cma-menu-group.single-item>' to have class 'expanded'
      at Context.eval (webpack://cma-cypress-tests/./cypress/e2e/integration/user-workflows.cy.js:459:28)

  2) CMA User Workflows
       9. Breadcrumb Navigation
         should update breadcrumb when opening different forms:
     AssertionError: Timed out retrying after 10000ms: expected '<div#menuGroup-14.cma-menu-group.single-item>' to have class 'expanded'
      at Context.eval (webpack://cma-cypress-tests/./cypress/e2e/integration/user-workflows.cy.js:477:28)

  3) CMA User Workflows
       14. Tree Navigation
         "before each" hook for "should display tree structure":
     AssertionError: Timed out retrying after 10000ms: Expected to find element: `#tools-tree, cma-tree`, but never found it.

Because this error occurred during a `before each` hook we are skipping the remaining tests in the current suite: `14. Tree Navigation`
      at Context.eval (webpack://cma-cypress-tests/./cypress/e2e/integration/user-workflows.cy.js:669:58)




  (Results)

  ┌────────────────────────────────────────────────────────────────────────────────────────────────┐
  │ Tests:        54                                                                               │
  │ Passing:      46                                                                               │
  │ Failing:      3                                                                                │
  │ Pending:      0                                                                                │
  │ Skipped:      5                                                                                │
  │ Screenshots:  9                                                                                │
  │ Video:        false                                                                            │
  │ Duration:     2 minutes, 14 seconds                                                            │
  │ Spec Ran:     integration/user-workflows.cy.js                                                 │
  └────────────────────────────────────────────────────────────────────────────────────────────────┘


  (Screenshots)

  -  /mnt/c/repos/cma_platform/cma/cypress/screenshots/integration/user-workflows.cy.     (1280x720)
     js/CMA User Workflows -- 9. Breadcrumb Navigation -- should update breadcrumb wh               
     en navigating to form (failed).png                                                             
  -  /mnt/c/repos/cma_platform/cma/cypress/screenshots/integration/user-workflows.cy.     (1280x720)
     js/CMA User Workflows -- 9. Breadcrumb Navigation -- should update breadcrumb wh               
     en navigating to form (failed) (attempt 2).png                                                 
  -  /mnt/c/repos/cma_platform/cma/cypress/screenshots/integration/user-workflows.cy.     (1280x720)
     js/CMA User Workflows -- 9. Breadcrumb Navigation -- should update breadcrumb wh               
     en navigating to form (failed) (attempt 3).png                                                 
  -  /mnt/c/repos/cma_platform/cma/cypress/screenshots/integration/user-workflows.cy.     (1280x720)
     js/CMA User Workflows -- 9. Breadcrumb Navigation -- should update breadcrumb wh               
     en opening different forms (failed).png                                                        
  -  /mnt/c/repos/cma_platform/cma/cypress/screenshots/integration/user-workflows.cy.     (1280x720)
     js/CMA User Workflows -- 9. Breadcrumb Navigation -- should update breadcrumb wh               
     en opening different forms (failed) (attempt 2).png                                            
  -  /mnt/c/repos/cma_platform/cma/cypress/screenshots/integration/user-workflows.cy.     (1280x720)
     js/CMA User Workflows -- 9. Breadcrumb Navigation -- should update breadcrumb wh               
     en opening different forms (failed) (attempt 3).png                                            
  -  /mnt/c/repos/cma_platform/cma/cypress/screenshots/integration/user-workflows.cy.     (1280x720)
     js/CMA User Workflows -- 14. Tree Navigation -- should display tree structure (f               
     ailed).png                                                                                     
  -  /mnt/c/repos/cma_platform/cma/cypress/screenshots/integration/user-workflows.cy.     (1280x720)
     js/CMA User Workflows -- 14. Tree Navigation -- should display tree structure (f               
     ailed) (attempt 2).png                                                                         
  -  /mnt/c/repos/cma_platform/cma/cypress/screenshots/integration/user-workflows.cy.     (1280x720)
     js/CMA User Workflows -- 14. Tree Navigation -- should display tree structure --               
      before each hook (failed) (attempt 3).png                                                     


────────────────────────────────────────────────────────────────────────────────────────────────────
                                                                                                    
  Running:  accessibility/a11y.cy.js                                                     (27 of 117)


  Accessibility
    Keyboard Navigation
      Main Navigation
        ✓ should allow Tab navigation through menu (3297ms)
        ✓ should have visible focus indicators (1381ms)
        ✓ should support Enter to activate menu items (1921ms)
        ✓ should support Escape to close menus (1350ms)
      Form Navigation
        ✓ should allow Tab through form fields (5598ms)
      Table Navigation
        ✓ should allow keyboard row selection (2446ms)
        ✓ should support Arrow key navigation (2379ms)
    ARIA Attributes
      Navigation
        ✓ should have role on navigation (1345ms)
        ✓ should have aria-label on navigation (1392ms)
        ✓ should have aria-expanded on collapsible elements (1332ms)
      Forms
        ✓ should have labels for inputs (4456ms)
      Tables
        ✓ should have role=grid or table on data tables (2391ms)
        ✓ should have scope on header cells (2361ms)
      Dialogs
        ✓ should have role=dialog on modals (1331ms)
        ✓ should have aria-modal on dialogs (1438ms)
    Color Contrast
      ✓ should have sufficient contrast on text (1315ms)
    Screen Reader
      Live Regions
        ✓ should have aria-live on notification area (1324ms)
      Skip Links
        ✓ should have skip to content link (1333ms)


  18 passing (41s)


  (Results)

  ┌────────────────────────────────────────────────────────────────────────────────────────────────┐
  │ Tests:        18                                                                               │
  │ Passing:      18                                                                               │
  │ Failing:      0                                                                                │
  │ Pending:      0                                                                                │
  │ Skipped:      0                                                                                │
  │ Screenshots:  0                                                                                │
  │ Video:        false                                                                            │
  │ Duration:     41 seconds                                                                       │
  │ Spec Ran:     accessibility/a11y.cy.js                                                         │
  └────────────────────────────────────────────────────────────────────────────────────────────────┘


────────────────────────────────────────────────────────────────────────────────────────────────────
                                                                                                    
  Running:  accessibility/color-contrast.cy.js                                           (28 of 117)


  Color and Contrast
    Light Mode Colors
      CSS Variables
        (Attempt 1 of 3) should have correct light mode CSS variables
        (Attempt 2 of 3) should have correct light mode CSS variables
        1) should have correct light mode CSS variables
        ✓ should apply light background to body (298ms)
        ✓ should apply dark text color to body (293ms)
      Text Contrast
        ✓ should have sufficient contrast for primary text (298ms)
      Table Colors
        ✓ should have visible table borders (531ms)
        ✓ should have readable table cell text (520ms)
      Button Contrast
        ✓ should have readable toolbar button icons (525ms)
      Status Colors
        ✓ should have visible success messages (289ms)
        ✓ should have visible error messages (282ms)
    Dark Mode Colors
      CSS Variables
        ✓ should have correct dark mode CSS variables (294ms)
        ✓ should apply dark background to body (276ms)
        ✓ should apply light text color to body (269ms)
        ✓ should have dark-mode class on html element (329ms)
      Text Contrast
        ✓ should have sufficient contrast for primary text in dark mode (283ms)
        ✓ should have visible link text in dark mode (277ms)
        ✓ should have readable secondary text (442ms)
      Sidebar Colors
        ✓ should have dark sidebar background (264ms)
        ✓ should have visible menu text on dark sidebar (364ms)
        ✓ should have visible hover state (370ms)
      Table Colors in Dark Mode
        ✓ should have alternating row colors (471ms)
        ✓ should have readable table cell text in dark mode (550ms)
      Toolbar in Dark Mode
        ✓ should have visible toolbar icons (503ms)
    Theme Switching
      ✓ should switch from light to dark mode (453ms)
      ✓ should switch from dark to light mode (468ms)
      ✓ should persist theme preference (453ms)
      (Attempt 1 of 3) should update CSS variables when theme changes
      (Attempt 2 of 3) should update CSS variables when theme changes
      2) should update CSS variables when theme changes
    System Theme Preference
      ✓ should support system theme setting (273ms)
    Color Blindness Considerations
      ✓ should not rely solely on color for error states (256ms)
      ✓ should have sufficient contrast for status colors (288ms)


  27 passing (20s)
  2 failing

  1) Color and Contrast
       Light Mode Colors
         CSS Variables
           should have correct light mode CSS variables:

      AssertionError: expected '#fff' to equal '#ffffff'
      + expected - actual

      -'#fff'
      +'#ffffff'
      
      at Context.eval (webpack://cma-cypress-tests/./cypress/e2e/accessibility/color-contrast.cy.js:70:75)
      at getRet (http://172.30.208.1:8090/__cypress/runner/cypress_runner.js:120444:20)
      at tryCatcher (http://172.30.208.1:8090/__cypress/runner/cypress_runner.js:1777:23)
      at Promise.attempt.Promise.try (http://172.30.208.1:8090/__cypress/runner/cypress_runner.js:4285:29)
      at Context.thenFn (http://172.30.208.1:8090/__cypress/runner/cypress_runner.js:120455:66)
      at Context.then (http://172.30.208.1:8090/__cypress/runner/cypress_runner.js:120706:21)

  2) Color and Contrast
       Theme Switching
         should update CSS variables when theme changes:

      AssertionError: expected '#fff' to equal '#ffffff'
      + expected - actual

      -'#fff'
      +'#ffffff'
      
      at Context.eval (webpack://cma-cypress-tests/./cypress/e2e/accessibility/color-contrast.cy.js:488:35)
      at getRet (http://172.30.208.1:8090/__cypress/runner/cypress_runner.js:120444:20)
      at tryCatcher (http://172.30.208.1:8090/__cypress/runner/cypress_runner.js:1777:23)
      at Promise.attempt.Promise.try (http://172.30.208.1:8090/__cypress/runner/cypress_runner.js:4285:29)
      at Context.thenFn (http://172.30.208.1:8090/__cypress/runner/cypress_runner.js:120455:66)
      at Context.then (http://172.30.208.1:8090/__cypress/runner/cypress_runner.js:120706:21)




  (Results)

  ┌────────────────────────────────────────────────────────────────────────────────────────────────┐
  │ Tests:        29                                                                               │
  │ Passing:      27                                                                               │
  │ Failing:      2                                                                                │
  │ Pending:      0                                                                                │
  │ Skipped:      0                                                                                │
  │ Screenshots:  6                                                                                │
  │ Video:        false                                                                            │
  │ Duration:     19 seconds                                                                       │
  │ Spec Ran:     accessibility/color-contrast.cy.js                                               │
  └────────────────────────────────────────────────────────────────────────────────────────────────┘


  (Screenshots)

  -  /mnt/c/repos/cma_platform/cma/cypress/screenshots/accessibility/color-contrast.c     (1280x720)
     y.js/Color and Contrast -- Light Mode Colors -- CSS Variables -- should have cor               
     rect light mode CSS variables (failed).png                                                     
  -  /mnt/c/repos/cma_platform/cma/cypress/screenshots/accessibility/color-contrast.c     (1280x720)
     y.js/Color and Contrast -- Light Mode Colors -- CSS Variables -- should have cor               
     rect light mode CSS variables (failed) (attempt 2).png                                         
  -  /mnt/c/repos/cma_platform/cma/cypress/screenshots/accessibility/color-contrast.c     (1280x720)
     y.js/Color and Contrast -- Light Mode Colors -- CSS Variables -- should have cor               
     rect light mode CSS variables (failed) (attempt 3).png                                         
  -  /mnt/c/repos/cma_platform/cma/cypress/screenshots/accessibility/color-contrast.c     (1280x720)
     y.js/Color and Contrast -- Theme Switching -- should update CSS variables when t               
     heme changes (failed).png                                                                      
  -  /mnt/c/repos/cma_platform/cma/cypress/screenshots/accessibility/color-contrast.c     (1280x720)
     y.js/Color and Contrast -- Theme Switching -- should update CSS variables when t               
     heme changes (failed) (attempt 2).png                                                          
  -  /mnt/c/repos/cma_platform/cma/cypress/screenshots/accessibility/color-contrast.c     (1280x720)
     y.js/Color and Contrast -- Theme Switching -- should update CSS variables when t               
     heme changes (failed) (attempt 3).png                                                          


────────────────────────────────────────────────────────────────────────────────────────────────────
                                                                                                    
  Running:  accessibility/theme-elements.cy.js                                           (29 of 117)


  Theme Elements
    Light Mode Elements
      Page Structure
        ✓ should have body element (4325ms)
        ✓ should have visible content (2367ms)
        ✓ should have content area (2340ms)
      Sidebar
        ✓ should have sidebar element (2337ms)
        ✓ should have menu items (2362ms)
        ✓ should have user menu (3485ms)
      Toolbar
        ✓ should have toolbar element (4745ms)
        ✓ should have toolbar buttons (4639ms)
      Tables
        ✓ should have table element (4677ms)
        ✓ should have table rows (4658ms)
        ✓ should have readable table text (4630ms)
      Forms
        ✓ should have form inputs (7909ms)
        ✓ should have form labels (6772ms)
      Breadcrumb
        ✓ should have breadcrumb element (4657ms)
    Dark Mode Elements
      Page Structure
        ✓ should have body element in dark mode (2338ms)
        ✓ should have visible content in dark mode (2371ms)
        ✓ should have dark mode class if implemented (2313ms)
      Sidebar
        ✓ should have sidebar in dark mode (2358ms)
        ✓ should have menu items in dark mode (2323ms)
      Toolbar
        ✓ should have dark toolbar background (4675ms)
      Tables
        ✓ should have dark table header (5769ms)
        ✓ should have table rows in dark mode (4618ms)
      Forms
        ✓ should have dark input backgrounds (6737ms)
      Breadcrumb
        ✓ should have visible breadcrumb links (4737ms)
      Select2 Dropdown
        ✓ should have dark select2 container (6736ms)
      Groupbox Headers
        ✓ should have dark groupbox headers (6759ms)
    Theme Transition
      ✓ should handle theme changes (7877ms)
    Preferences Page
      ✓ should display theme selector (4505ms)
      ✓ should have theme options (4464ms)
      ✓ should show current theme (4469ms)
      ✓ should update theme when changed (6776ms)
    Icon Theming
      Light Mode Icons
        ✓ should have visible icons in toolbar (4662ms)
        ✓ should have appropriate icon color (5754ms)
      Dark Mode Icons
        ✓ should have visible icons in dark mode (4634ms)
        ✓ should have light icon color in dark mode (4621ms)
        ✓ should invert PNG theme icons (4626ms)


  36 passing (3m)


  (Results)

  ┌────────────────────────────────────────────────────────────────────────────────────────────────┐
  │ Tests:        36                                                                               │
  │ Passing:      36                                                                               │
  │ Failing:      0                                                                                │
  │ Pending:      0                                                                                │
  │ Skipped:      0                                                                                │
  │ Screenshots:  0                                                                                │
  │ Video:        false                                                                            │
  │ Duration:     2 minutes, 47 seconds                                                            │
  │ Spec Ran:     accessibility/theme-elements.cy.js                                               │
  └────────────────────────────────────────────────────────────────────────────────────────────────┘


────────────────────────────────────────────────────────────────────────────────────────────────────
                                                                                                    
  Running:  components/cma-combo.cy.js                                                   (30 of 117)


  cma-combo Web Component
    Component Registration
      ✓ should check if component is available (4759ms)
      ✓ should render as a custom element if available (1386ms)
    Declarative Options
      ✓ should parse option children if available (1503ms)
      ✓ should support optgroup elements (1511ms)
      ✓ should respect disabled options (2625ms)
    Attributes
      name attribute
        ✓ should set hidden input name (1365ms)
      placeholder attribute
        ✓ should display placeholder when no selection (1362ms)
        ✓ should have default placeholder (1378ms)
      value attribute
        ✓ should set initial value (1382ms)
      disabled attribute
        ✓ should prevent opening when disabled (1461ms)
        ✓ should apply disabled styling (1347ms)
      multiple attribute
        ✓ should allow multiple selections (1376ms)
        ✓ should show tags for multiple selections (1395ms)
        ✓ should remove tag on close click (1324ms)
    Value Property
      ✓ should return selected value (1406ms)
      ✓ should return array for multiple selection (1339ms)
      ✓ should update hidden input on selection (1352ms)
    Dropdown Behavior
      ✓ should open on click (1494ms)
      ✓ should close on outside click (1351ms)
      ✓ should close on option selection (single) (1325ms)
      ✓ should stay open on option selection (multiple) (1382ms)
    Search Filtering
      ✓ should filter options by search text (1326ms)
      ✓ should show no results message (1299ms)
      ✓ should be case-insensitive (1300ms)
    Keyboard Navigation
      ✓ should open on Enter key (1307ms)
      ✓ should close on Escape key (1310ms)
      ✓ should navigate with arrow keys (2585ms)
      ✓ should select on Enter after navigation (1342ms)
    Clear Selection
      ✓ should show clear button when value selected (1303ms)
      ✓ should clear value on clear button click (1316ms)
    Events
      change event
        ✓ should fire on selection (1325ms)
        ✓ should include value in event detail (1315ms)
      search event
        ✓ should fire on search input (1330ms)
    Programmatic Methods
      addOption()
        ✓ should add option programmatically (1330ms)
      removeOption()
        ✓ should remove option programmatically (1325ms)
      setOptions()
        ✓ should replace all options (1365ms)
      clearOptions()
        ✓ should remove all options (1327ms)
    AJAX Support
      ✓ should fetch options from ajax-url (1330ms)
      ✓ should show loading indicator during fetch (1300ms)
      ✓ should respect min-search attribute (1365ms)
    Shadow DOM
      ✓ should use shadow DOM encapsulation (1306ms)
    Value Not Found Warning
      ✓ should log a console warning when value is not found in options (1438ms)
      ✓ should include component name in warning message (1433ms)
      ✓ should dispatch cma-component-error event in dev mode (1414ms)
      ✓ should NOT throw error when value exists in options (1400ms)
      ✓ should NOT throw error when value is empty (1438ms)


  46 passing (1m)


  (Results)

  ┌────────────────────────────────────────────────────────────────────────────────────────────────┐
  │ Tests:        46                                                                               │
  │ Passing:      46                                                                               │
  │ Failing:      0                                                                                │
  │ Pending:      0                                                                                │
  │ Skipped:      0                                                                                │
  │ Screenshots:  0                                                                                │
  │ Video:        false                                                                            │
  │ Duration:     1 minute, 14 seconds                                                             │
  │ Spec Ran:     components/cma-combo.cy.js                                                       │
  └────────────────────────────────────────────────────────────────────────────────────────────────┘


────────────────────────────────────────────────────────────────────────────────────────────────────
                                                                                                    
  Running:  components/cma-fold-standalone.cy.js                                         (31 of 117)


  cma-fold Component (Standalone)
    Component Registration
      ✓ should register the cma-fold custom element (362ms)
      ✓ should render all test fold elements (297ms)
    CSS Validation - Correct Setup
      ✓ should pass validation for vertical fold with correct CSS (260ms)
      ✓ should pass validation for horizontal fold with correct CSS (1468ms)
      ✓ should display success validation in UI for correct setups (274ms)
    CSS Validation - Incorrect Setup
      ✓ should fail validation when parent is not flex (263ms)
      ✓ should display error validation in UI for incorrect setups (264ms)
      ✓ should provide suggestions for fixing incorrect CSS (280ms)
    CSS Validation - Missing Flex Shorthand
      ✓ should warn about missing flex shorthand on target (257ms)
    Vertical Fold - Resize Functionality
      ✓ should resize target width when dragged horizontally (324ms)
      ✓ should update width display during resize (297ms)
      ✓ should fire fold-resize event during drag (305ms)
    Horizontal Fold - Resize Functionality
      ✓ should resize target height when dragged vertically (327ms)
    Collapse/Expand API
      ✓ should collapse panel when collapse() is called (367ms)
      ✓ should expand panel when expand() is called (433ms)
      ✓ should toggle panel state when toggle() is called (454ms)
      ✓ should set specific size when setSize() is called (345ms)
      ✓ should update collapsed state display (432ms)
    Double-Click Collapse
      ✓ should collapse on double-click (366ms)
      ✓ should expand on second double-click (453ms)
    Min/Max Size Constraints
      ✓ should not resize below min-size (312ms)
      ✓ should not resize above max-size (303ms)
    Cursor and Visual Feedback
      ✓ should show resize cursor on hover (259ms)
      ✓ should show vertical resize cursor for horizontal fold (265ms)
    Validation Log
      ✓ should log successful tests to validation log (254ms)
      ✓ should log validation results (260ms)
    getDiagnostics Method
      ✓ should return diagnostic information (257ms)


  27 passing (11s)


  (Results)

  ┌────────────────────────────────────────────────────────────────────────────────────────────────┐
  │ Tests:        27                                                                               │
  │ Passing:      27                                                                               │
  │ Failing:      0                                                                                │
  │ Pending:      0                                                                                │
  │ Skipped:      0                                                                                │
  │ Screenshots:  0                                                                                │
  │ Video:        false                                                                            │
  │ Duration:     11 seconds                                                                       │
  │ Spec Ran:     components/cma-fold-standalone.cy.js                                             │
  └────────────────────────────────────────────────────────────────────────────────────────────────┘


────────────────────────────────────────────────────────────────────────────────────────────────────
                                                                                                    
  Running:  components/cma-fold.cy.js                                                    (32 of 117)


  cma-fold Web Component
    Component Registration
      ✓ should be defined in customElements registry (2648ms)
      (Attempt 1 of 3) should render as a custom element on tools page
      (Attempt 2 of 3) should render as a custom element on tools page
      1) should render as a custom element on tools page
    Attributes
      orientation attribute
        (Attempt 1 of 3) should default to "vertical"
        (Attempt 2 of 3) should default to "vertical"
        2) "before each" hook for "should default to "vertical""
    Properties and Methods
      isVertical getter
        (Attempt 1 of 3) should return true for vertical orientation
        (Attempt 2 of 3) should return true for vertical orientation
        3) "before each" hook for "should return true for vertical orientation"
    Drag Behavior
      (Attempt 1 of 3) should resize target on drag (vertical)
      (Attempt 2 of 3) should resize target on drag (vertical)
      4) "before each" hook for "should resize target on drag (vertical)"
    Double-Click Collapse
      (Attempt 1 of 3) should collapse on double-click
      (Attempt 2 of 3) should collapse on double-click
      5) should collapse on double-click
    Events
      fold-resize event
        (Attempt 1 of 3) should fire during resize
        (Attempt 2 of 3) should fire during resize
        6) "before each" hook for "should fire during resize"
    State Persistence
      (Attempt 1 of 3) should save state to localStorage
      (Attempt 2 of 3) should save state to localStorage
      7) should save state to localStorage
      (Attempt 1 of 3) should restore state from localStorage
      (Attempt 2 of 3) should restore state from localStorage
      8) should restore state from localStorage
    Styling
      (Attempt 1 of 3) should have gradient background
      (Attempt 2 of 3) should have gradient background
      9) "before each" hook for "should have gradient background"
    Shadow DOM
      (Attempt 1 of 3) should use shadow DOM encapsulation


SIGTERM received; Attempting to exit gracefully. Force exit with ^C again if needed.


